Histone type,Histone variant,Clustered (canonical) isoform,vgnc_id,symbol,name,prev_symbol,prev_name,ncbi_id,ensembl_gene_id,uniprot_ids,Human gene ortholog HGNC ID,refseq_id,accession,sequence,sequence_length,Species,taxon_id,comment
H1,H1.0,,VGNC:84027,H1-0,H1.0 linker histone,,,101098644,ENSFCAG00000004277,M3X754,HGNC:4714,XP_006934092.1,XP_006934092.1,MTENSTSAPAAKPKRAKASKKSTDHPKYSDMIVAAIQAEKNRAGSSRQSIQKYIKSHYKVGENADSQIKLSIKRLVTTGVLKQTKGVGASGSFRLAKSDEPKRSVAFKKTKKEVKKVATPKKAAKPKKAASKAPSKKPKATPVKKAKKKPAATPKKTKKPKTVKAKPVKASKPKKAKPVKPKAKSSAKRAGKKK,194,Cat,9685,
H1,H1.1,,VGNC:109855,H1-1,"H1.1 linker histone, cluster member",,,101085207,ENSFCAG00000005962,,HGNC:4715,XP_023109352.1,XP_023109352.1,MSETAPPAPAASTPPEKPAPGKKAKRPAKAAAAKKKPAGPSVSELIVQAVSSSKERSGVSLAALKKALAAAGYDVEKNNSRIKLGLKSLVSKGTLVQTKGTGASGSFKLNKKASPGEAKANPTKVAKAKVTGASKKPKKVTAAVKKAVKTPKKAKKPAVTKKPSKSPKKPKVVKPKKVAKSPAKAKAVKPKAAKAKVTKPKTAAKPKKAAPKKK,214,Cat,9685,
H1,H1.10,,VGNC:109865,H1-10,H1.10 linker histone,,,111559457,ENSFCAG00000044498,,HGNC:4722,XP_023105840.1,XP_023105840.1,MSVELEEALPLTTAEGAAKKAAKAGGSAALSPSKKKKNNKKKNQPGKYSQLVVETIRRLGERNGSSLAKIYTEAKKVAWFDQQNGRTYLKYSIKALVQNDTLLQVKGTGANGSFKLNRKKLEGGGERRGATAAATAPAPAAHKAKKAAPGAAGPRRADKKPAKGQKPEKRSHKKGAASKKDKGSKAKKAAAAGGKKVKKAAKPSVPKVPKGRK,213,Cat,9685,
H1,H1.12,,VGNC:109864,H1-12,"H1.12 linker histone, cluster member",,,101084447,,,HGNC:19163,,,,,Cat,9685,
H1,H1.2,,VGNC:109857,H1-2,"H1.2 linker histone, cluster member",,,,ENSFCAG00000003805,,HGNC:4716,,,MSETAPAAPAAAPPAEKAPVKKKAAKKPAGVRRKASGPPVSELITKAVAASKERSGVSLAALKKALAAAGYDVEKNNSRIKLGLKSLVSKGTLVQTKGTGASGSFKLNKKAASGEAKPKAKKAGAAKPKKAAGAAKKAKKATGAGTPKKSAKKTPKKVKKPAGAAVAKKVAKSPKKAKAAKPKKAAKSAAKAVKPKTAKPKVWLAAAVDASRKEAAGVSAQPWGASPAQRYPGWPPPLLCGSAAPEARTRAPAPPRARPSKTTTNQVSQFLGLQESPDWVGKPFKSPALLAGWPTPPAHAFHRVFYWVEAGLLCILCTFRFQWIDCAFFAR                             ,360,Cat,9685,Protein sequence downloaded from ensembl transcript
H1,H1.3,,VGNC:109856,H1-3,"H1.3 linker histone, cluster member",,,101089263,ENSFCAG00000006768,,HGNC:4717,XP_003985758.2,XP_003985758.2,MSETAPVAPVAPAPAEKAPVKKKAKKSGAAAGKRKASGPPVSELITKAVAASKERSGVSLAALKKALAAAGYDVEKNNSRIKLGLKSLVSKGTLVQTKGTGASGSFKLNKKAASGEAKPKAKKAGAAKPKKAAGAAKKAKKATGAGTPKKSAKKTPKKAKKPAAAAAAGKKVAKSPKKVKAAKPKKAAKSPAKAKAPKPKAAKPKAAKPKATKAKKAAPKKK,222,Cat,9685,
H1,H1.4,,VGNC:109858,H1-4,"H1.4 linker histone, cluster member",,,101091785,ENSFCAG00000051764,,HGNC:4718,XP_003985767.1,XP_003985767.1,MSETAPAAPAAPAPAEKTPVKKKARKSAGAAKRKASGPPVSELITKAVAASKERSGVSLAALKKALAAAGYDVEKNNSRIKLGLKSLVSKGTLVQTKGTGASGSFKLNKKAASGEAKPKAKKAGAAKPKKAAGAAKKPKKATGASTPKKSAKKTPKKAKKPAAAAGAKKAKSPKKAKAAKAKKAPKSPAKAKAVKPKAAKPKTAKPKAAKPKKAAKKK,218,Cat,9685,
H1,H1.5,,VGNC:109860,H1-5,"H1.5 linker histone, cluster member",,,101082749,ENSFCAG00000006079,,HGNC:4719,XP_003985733.1,XP_003985733.1,MSETAPAETAAPAPVEKSPAKKKATKKAAGGGAAKRKATGPPVSELITKAVAASKERNGLSLAALKKALAAAGYDVEKNNSRIKLGLKSLVSKGTLVQTKGTGASGSFKLNKKAASGEAKPKAKKAGAAKAKKPSGATPKKPKKAAGAKKAVKKTPKKAKKPAAAGVKKVAKSPKKAKAAAKPKKAAKSPAKPKAVKPKAAKPKAAKPKAAKPKAAKAKKAAPKKK,226,Cat,9685,
H1,H1.6,,VGNC:109859,H1-6,"H1.6 linker histone, cluster member",,,101092516,ENSFCAG00000005970,,HGNC:4720,XP_003985770.2,XP_003985770.2,MSEKVPVATADTAPAPVETPLAKRRGRKPVGMSGSSRKTPSLSVSKLITEAFAVSQERAGMSLAALKKALAAAGYDVGKNNNRIKLGLKSLVSKGTLVQIKGTGASGSFKLNKKTIPEPRKSKVKRPTSAKAKKLISKDSKSPKSAKTTQKAKKPRAATAPKALRGSRKAKGGRGRRPAQSPGKARAGEPKAGKAKVTQQKTSTRKVASKK,211,Cat,9685,
H1,H1.7,,VGNC:109861,H1-7,H1.7 linker histone,,,101097901,ENSFCAG00000049209,,HGNC:24893,XP_019691400.1,XP_019691400.1,MPHGCSRAGKKVKSDWTPYLGGIWQLPNQDLNISVGPCHCDVGQPVSALAPALAGEAQSXWPRGGGSGAMAEVPGPTGESKGTEVKTQQATEKTLRALPRRGPPSVLKVSQLLLRAITAHKGLTLATLKKELGNAGYEVRRKCRHSGEAPRSDVKGTLLRVSGSDASGYFRVWKSPKPKRKPGRPRLEGGVRSSRRTPPRPRSPRRRSTHRRAAKKARELWRRSTKGNTRMRKVRPRAKDSVRSKATEGARAKVMNQGRGRTMKEDIRPRTQEKRPRSKPREEKQQDQETLVKRTIQKTSLVKSDLNFSSQGKTHA,316,Cat,9685,
H1,H1.8,,VGNC:109862,H1-8,H1.8 linker histone,,,101098613,ENSFCAG00000000094,,HGNC:18463,XP_019680672.2,XP_019680672.2,MGPETQRSQLTHMRSPRSGWLSWGVSTQAGLQCPIPALLPQSAAQSLPAQSGANWSGGARLWIYKRSGQAWQPHAWGGGQLPASVSASTRAMAPGSIASSDTSTSSASLTSAVGSSGLSESEKPGPSHSGIRGPRRHPPVLRMVLEALQAGEQRRGTSVAAIKVYILQKYPTVDVLRLKYLLKQALATGMHRGLLVRPTNSKARGATGSFKLVPKHKRKAQSRKTSAMTAPRKPSEAKEKGPKKPREAKKDPPNPGEVKRGPKKPREARTGPTKLDAAKEKAPKKGSQTKDQEARLSEAKKASQQPDKATQDLPSATGPRGKSKVKGRRSNQDGEAHRKTKAGSQNSKSTVPKDKNSVASPAKKKENKVLKEVVACGAKVGPKAKATAPPRASGSKTVPAPLARKTGAPKGPRKPCMPTKASSSKLASKKTEAES,435,Cat,9685,
H1,H1.8,,VGNC:109862,H1-8,H1.8 linker histone,,,101098613,ENSFCAG00000000094,,HGNC:18463,XP_019680672.2,XP_019680672.2,MGPETQRSQLTHMRSPRSGWLSWGVSTQAGLQCPIPALLPQSAAQSLPAQSGANWSGGARLWIYKRSGQAWQPHAWGGGQLPASVSASTRAMAPGSIASSDTSTSSASLTSAVGSSGLSESEKPGPSHSGIRGPRRHPPVLRMVLEALQAGEQRRGTSVAAIKVYILQKYPTVDVLRLKYLLKQALATGMHRGLLVRPTNSKARGATGSFKLVPKHKRKAQSRKTSAMTAPRKPSEAKEKGPKKPREAKKDPPNPGEVKRGPKKPREARTGPTKLDAAKEKAPKKGSQTKDQEARLSEAKKASQQPDKATQDLPSATGPRGKSKVKGRRSNQDGEAHRKTKAGSQNSKSTVPKDKNSVASPAKKKENKVLKEVVACGAKVGPKAKATAPPRASGSKTVPAPLARKTGAPKGPRKPCMPTKASSSKLASKKTEAES,435,Cat,9685,
H1,TS_H1.9,,VGNC:109863,H1-9,H1.9 linker histone,,,,ENSFCAG00000053017,,HGNC:30616,,,MVCEFEPRVGLCADSTDPSGTPSESETGCPASPKVRQKPSISKVILGVVTHKGAHRHVTLTTLKKAVATAGYNMTQNAWRFKRAVKGLVDKGMLKQVTGKGALGSFRIGNKYASKVKGRSQSRRQSGQRRSGQRRSGQRRAGQRRPGQRRLQAGSQKGHKRLNKGVRRVARCRRN,175,Cat,9685,Protein sequence downloaded from ensembl transcript
H2A,H2A.B,,VGNC:109867,H2AB1,H2A.B variant histone 1,,,102899188,,,HGNC:22516,XP_044907084.1,XP_044907084.1,MPVRRSRRGSSSGQSRVRSRTARAELTFSVSHMERLLREGRYSQRLGASAPIFLAAVIQSLTAKVLELAGIEARNSGRRLITPDVLDMVVHNHPLLSAFFQSTIISQAVPGWY,113,Cat,9685,
H2A,H2A.B,,VGNC:109866,H2AB2,H2A.B variant histone 2,,,101097798,ENSFCAG00000044576,,HGNC:18298,XP_006944207.1,XP_006944207.1,MPVRRSRRGSSSGQSRVRSRTARAELTFSVSHMERLLREGRYSQRLGASAPIFLAAVIQSLTAKVLELAGIEARNSGRRLITPDVLDMVVHNHPLLSAFFQSTIISQAVPGWY,113,Cat,9685,
H2A,H2A.B,,VGNC:109868,H2AB3,H2A.B variant histone 3,,,101098042,ENSFCAG00000044965,,HGNC:14455,XP_004001120.3,XP_004001120.3,MPVRRSRRGSSSGQSRVRSRTARAELTFSVSHMERLLREGRYSQRLGASAPIFLAAVIQSLTAKVLELAGIEARNSGRRLITPDVLDMVVHNHPLLSAFFQSTIISQAVPGWY,113,Cat,9685,
H2A,clustered H2A,isoform_1,VGNC:109870,H2AC1,H2A clustered histone 1,,,101096808,ENSFCAG00000027552,,HGNC:18729,XP_003985787.1,XP_003985787.1,MSGRGKQGGKARAKAKSRSFKAGLQFPVGRVHRLLRKGNYAERVGAGAPVYLAAVLEYLTAEILELAGNAARDNKKTRIIPRHLQLAIRNDEELNKLLGRVTIAQGGVLPNIQAVLLPKKTESHRHKAQNK,131,Cat,9685,
H2A,clustered H2A,isoform_3,VGNC:109876,H2AC10,H2A clustered histone 10,,,101088237,ENSFCAG00000044530,,HGNC:4732,XP_003985754.1,XP_003985754.1,MSGRGKQGGKARAKAKTRSSRAGLQFPVGRVHRLLRKGNYSERVGAGAPVYLAAVLEYLTAEILELAGNAARDNKKTRIIPRHLQLAIRNDEELNKLLGRVTIAQGGVLPNIQAVLLPKKTESHHKAKGK,130,Cat,9685,
,,,VGNC:109878,H2AC11P,H2A clustered histone 11,,,101086721,ENSFCAG00000048687,,HGNC:4737,XP_044914449.1,XP_044914449.1,MSGRGKQGGKARAKAKTRSSRAGLQFPVGRVHRLLRKGNYAERVGAGAPVYLAAVLEYLTAEILELAGNAARDNKKTRIIPRHLQLAIRNDEELNKLLGRVTIAQGGVLPNIQAVLLPKKTESHHKAK,128,Cat,9685,
,,,VGNC:109878,H2AC11P,H2A clustered histone 11,,,101086721,ENSFCAG00000048687,,HGNC:4737,XP_003985748.1,XP_003985748.1,MSGRGKQGGKARAKAKTRSSRAGLQFPVGRVHRLLRKGNYAERVGAGAPVYLAAVLEYLTAEILELAGNAARDNKKTRIIPRHLQLAIRNDEELNKLLGRVTIAQGGVLPNIQAVLLPKKTESHHKAKSK,130,Cat,9685,
H2A,clustered H2A,isoform_10,VGNC:109880,H2AC12,H2A clustered histone 12,,,,ENSFCAG00000041371,,HGNC:13671,,,SGRGKQGGKARAKAKTRSSRAGLQFPVGRVHRLLRKGNYAERVGAGAPVYLAAVLEYLTAEILELAGNAARDNKKTRIIPRHLQLAIRNDEELNKLLGRVTIAQGGVLPNIQAVLLPKKTESHHKAK,127,Cat,9685,Protein sequence downloaded from ensembl transcript
H2A,clustered H2A,isoform_8,VGNC:109879,H2AC13,H2A clustered histone 13,,,101085206,ENSFCAG00000051396,,HGNC:4725,XP_003985742.2,XP_003985742.2,MSGRGKQGGKARAKAKTRSSRAGLQFPVGRVHRLLRKGNYAERVGAGAPVYLAAVLEYLTAEILELAGNAARDNKKTRIIPRHLQLAIRNDEELNKLLGRVTIAQGGVLPNIQAVLLPKKTESHHKAK,128,Cat,9685,
H2A,clustered H2A,isoform_4,VGNC:109883,H2AC14,H2A clustered histone 14,,,101084707,ENSFCAG00000040930,,HGNC:4727,XP_003985740.1,XP_003985740.1,MSGRGKQGGKARAKAKTRSSRAGLQFPVGRVHRLLRKGNYAERVGAGAPVYLAAVLEYLTAEILELAGNAARDNKKTRIIPRHLQLAIRNDEELNKLLGRVTIAQGGVLPNIQAVLLPKKTESHHKAKGK,130,Cat,9685,
H2A,clustered H2A,isoform_9,VGNC:109881,H2AC15,H2A clustered histone 15,,,101083265,ENSFCAG00000043173,,HGNC:4726,XP_023110466.1,XP_023110466.1,MSGRGKQGGKARAKAKTRSSRAGLQFPVGRVHRLLRKGNYAERVGAGAPVYLAAVLEYLTAEILELAGNAARDNKKTRIIPRHLQLAIRNDEELNKLLGRVTIAQGGVLPNIQAVLLPKKTESHHKTKGK,130,Cat,9685,
H2A,clustered H2A,isoform_4,VGNC:109882,H2AC16,H2A clustered histone 16,,,101083005,,,HGNC:4730,XP_011280368.1,XP_011280368.1,MSGRGKQGGKARAKAKTRSSRAGLQFPVGRVHRLLRKGNYAERVGAGAPVYLAAVLEYLTAEILELAGNAARDNKKTRIIPRHLQLAIRNDEELNKLLGRVTIAQGGVLPNIQAVLLPKKTESHHKAKGK,130,Cat,9685,
H2A,clustered H2A,isoform_4,VGNC:109884,H2AC17,H2A clustered histone 17,,,105260536,ENSFCAG00000044591,,HGNC:4735,XP_011280365.1,XP_011280365.1,MSGRGKQGGKARAKAKTRSSRAGLQFPVGRVHRLLRKGNYAERVGAGAPVYLAAVLEYLTAEILELAGNAARDNKKTRIIPRHLQLAIRNDEELNKLLGRVTIAQGGVLPNIQAVLLPKKTESHHKAKGK,130,Cat,9685,
,,,VGNC:109886,H2AC18P,"H2A clustered histone 18, pseudogene",,,111561817,ENSFCAG00000044003,,HGNC:4736,,,,,Cat,9685,
H2A,clustered H2A,isoform_11,VGNC:109885,H2AC19,H2A clustered histone 19,,,101101494,,,HGNC:29668,XP_003990603.1,XP_003990603.1,MSGRGKQGGKARAKAKSRSSRAGLQFPVGRVHRLLRKGNYAERVGAGAPVYMAAVLEYLTAEILELAGNAARDNKKTRIIPRHLQLAIRNDEELNKLLGKVTIAQGGVLPNIQAVLLPKKTESHHKAKGK,130,Cat,9685,
H2A,clustered H2A,isoform_2,VGNC:109871,H2AC2,H2A clustered histone 2,,,101085975,ENSFCAG00000030442,,HGNC:18720,XP_003985820.2,XP_003985820.2,MVHEALAVSGRGKQGGKARAKAKTRSSRAGLQFPVGRVHRLLRKGNYAERVGAGAPVYLAAVLEYLTAEILELAGNAARDNKKTRIIPRHLQLAIRNDEELNKLLGRVLPNIQAVLLPKKTESHRHKVQSKQCLTSSKSSK,141,Cat,9685,
H2A,clustered H2A,isoform_12,VGNC:109888,H2AC20,H2A clustered histone 20,,,101080814,ENSFCAG00000040278,,HGNC:4738,XP_003990605.3,XP_003990605.3,MSGRGKQGGKARAKAKSRSSRAGLQFPVGRVHRLLRKGNYAERVGAGAPVYMAAVLEYLTAEILELAGNAARDNKKTRIIPRHLQLAIRNDEELNKLLGKVTIAQGGVLPNIQAVLLPKKTESHKAKSK,129,Cat,9685,
H2A,clustered H2A,isoform_13,VGNC:109887,H2AC21,H2A clustered histone 21,,,101081066,,,HGNC:20508,XP_003990606.1,XP_003990606.1,MSGRGKQGGKARAKAKSRSSRAGLQFPVGRVHRLLRKGNYAERVGAGAPVYLAAVLEYLTAEILELAGNAARDNKKTRIIPRHLQLAVRNDEELNKLLGGVTIAQGGVLPNIQAVLLPKKTESHKPGKNK,130,Cat,9685,
H2A,clustered H2A,isoform_14,VGNC:109889,H2AC25,H2A clustered histone 25,,,101098601,ENSFCAG00000024530,,HGNC:20507,XP_006927522.1,XP_006927522.1,MSGRGKQGGKARAKAKSRSSRAGLQFPVGRVHRLLRKGNYSERVGAGAPVYLAAVLEYLTAEILELAGNAARDNKKTRIIPRHLQLAIRNDEELNKLLGRVTIAQGGVLPNIQAVLLPKKTESHHKAKGK,130,Cat,9685,
H2A,clustered H2A,isoform_3,VGNC:109869,H2AC4,H2A clustered histone 4,,,101094019,,,HGNC:4734,XP_044914448.1,XP_044914448.1,MSGRGKQGGKARAKAKTRSSRAGLQFPVGRVHRLLRKGNYSERVGAGAPVYLAAVLEYLTAEILELAGNAARDNKKTRIIPRHLQLAIRNDEELNKLLGRVTIAQGGVLPNIQAVLLPKKTESHHKAKGK,130,Cat,9685,
H2A,clustered H2A,isoform_6,VGNC:109873,H2AC5,H2A clustered histone 5,,,101093519,ENSFCAG00000043084,,HGNC:4728,XP_011280386.2,XP_011280386.2,MSGRGKQGGKARAKAKTRSSRAGLQFPVGRVHRLLRKGNYPERVGAGAPVYLAAVLEYLTAEILELAGNAARDNKKTRIIPRHLQLAIRNDEELNKLLGRVTIAQGGVLPNIQAVLLPKKTESHHKAKSK,130,Cat,9685,
H2A,clustered H2A,isoform_7,VGNC:109874,H2AC6,H2A clustered histone 6,,,101092025,ENSFCAG00000053015,,HGNC:4733,XP_003985768.1,XP_003985768.1,MSGRGKQGGKARAKAKSRSSRAGLQFPVGRVHRLLRKGNYAERVGAGAPVYLAAVLEYLTAEILELAGNAARDNKKTRIIPRHLQLAIRNDEELNKLLGRVTIAQGGVLPNIQAVLLPKKTESHHKAKGK,130,Cat,9685,
H2A,clustered H2A,isoform_4,VGNC:109872,H2AC7,H2A clustered histone 7,,,102899210,ENSFCAG00000041358,,HGNC:4729,XP_019687248.2,XP_019687248.2,MSGRGKQGGKARAKAKTRSSRAGLQFPVGRVHRLLRKGNYAERVGAGAPVYLAAVLEYLTAEILELAGNAARDNKKTRIIPRHLQLAIRNDEELNKLLGRVTIAQGGVLPNIQAVLLPKKTESHHKAKGK,130,Cat,9685,
H2A,clustered H2A,isoform_4,VGNC:109875,H2AC8,H2A clustered histone 8,,,105260540,ENSFCAG00000048216,,HGNC:4724,XP_011280380.1,XP_011280380.1,MSGRGKQGGKARAKAKTRSSRAGLQFPVGRVHRLLRKGNYAERVGAGAPVYLAAVLEYLTAEILELAGNAARDNKKTRIIPRHLQLAIRNDEELNKLLGRVTIAQGGVLPNIQAVLLPKKTESHHKAKGK,130,Cat,9685,
H2A,clustered H2A,isoform_5,VGNC:109877,H2AC9,H2A clustered histone 9,,,,ENSFCAG00000052149,,HGNC:18805,,,MSVPRAQSANFISKYLQYLKLIRKHLWLSLLEKPQALTRSSRAGLQFPVGRVHRLLRKGNYAERVGAGAPVYLAAVLEYLTAEILELAGNAARDNKKTRIIPRHLQLAIRNDEELNKLLGQPLNSKAADQSPAPAGVFEQERRKETKKADDGGVLRRNRKKYLKDTS,167,Cat,9685,Protein sequence downloaded from ensembl transcript
H2A,H2A.J,,VGNC:84028,H2AJ,H2A.J histone,,,101095750,ENSFCAG00000031712,M3X2B2,HGNC:14456,XP_003988491.1,XP_003988491.1,MSGRGKQGGKVRAKAKSRSSRAGLQFPVGRVHRLLRKGNYAERVGAGAPVYLAAVLEYLTAEILELAGNAARDNKKTRIIPRHLQLAIRNDEELNKLLGKVTIAQGGVLPNIQAVLLPKKTESQKAKSK,129,Cat,9685,
H2A,H2A.L,,VGNC:109890,H2AL1M,H2A.L variant histone 1M,,,111558783,ENSFCAG00000052540,,HGNC:53961,XP_023105303.1,XP_023105303.1,MSGRRRRRHRRRRRRPAVSRSRRAELQFPVSRVERLLREGRYAPRLSASTPVFLTAVLEYLTANILELAGKEALDSHKMRITPEHVQRALGSNQHLRGLLENTTSRRVDGRPRVRKW,117,Cat,9685,
H2A,H2A.P,,VGNC:109891,H2AP,H2A.P histone,,,101083244,ENSFCAG00000048955,,HGNC:18417,XP_004000502.1,XP_004000502.1,MSGKKIQASSCQTPSHLIRSELKCPLTYVDRLLLEDQHTQGWDSSINHFRLTMLDHLTDYILEMVANEAINSNVHTVPQDDRGVGSNRQPRQNLKNVNFTLLDEMPGPRRSG,112,Cat,9685,
H2A,H2A.X,,VGNC:109892,H2AX,H2A.X variant histone,,,101095127,ENSFCAG00000051680,,HGNC:4739,XP_003992480.1,XP_003992480.1,MSGRGKTGGKARAKAKSRSSRAGLQFPVGRVHRLLRKGHYAERVGAGAPVYLAAVLEYLTAEILELAGNAARDNKKTRIIPRHLQLAIRNDEELNKLLGGVTIAQGGVLPNIQAVLLPKKTSATVGPKAPAGGKKATQASQEY,143,Cat,9685,
H2A,H2A.Z.1,,VGNC:109893,H2AZ1,H2A.Z variant histone 1,,,101087401,ENSFCAG00000039458,,HGNC:4741,XP_023108679.1,XP_023108679.1,MAGGKAGKDSGKAKTKAVSRSQRAGLQFPVGRIHRHLKSRTTSHGRVGATAAVYSAAILEYLTAEVLELAGNASKDLKVKRITPRHLQLAIRGDEELDSLIKATIAGGGVIPHIHKSLIGKKGQQKTV,128,Cat,9685,
H2A,H2A.Z.1,,VGNC:109893,H2AZ1,H2A.Z variant histone 1,,,101087401,ENSFCAG00000039458,,HGNC:4741,XP_023108679.1,XP_023108679.1,MAGGKAGKDSGKAKTKAVSRSQRAGLQFPVGRIHRHLKSRTTSHGRVGATAAVYSAAILEYLTAEVLELAGNASKDLKVKRITPRHLQLAIRGDEELDSLIKATIAGGGVIPHIHKSLIGKKGQQKTV,128,Cat,9685,
H2A,H2A.Z.2,,VGNC:109894,H2AZ2,H2A.Z variant histone 2,,,101099622,ENSFCAG00000010271,,HGNC:20664,XP_023105894.1,XP_023105894.1,MAGGKAGKDSGKAKAKAVSRSQRAGLQVLELAGNASKDLKVKRITPRHLQLAIRGDEELDSLIKATIAGGGVIPHIHKSLIGKKGQQKTA,90,Cat,9685,
H2A,H2A.Z.2,,VGNC:109894,H2AZ2,H2A.Z variant histone 2,,,101099622,ENSFCAG00000010271,,HGNC:20664,XP_023105894.1,XP_023105894.1,MAGGKAGKDSGKAKAKAVSRSQRAGLQVLELAGNASKDLKVKRITPRHLQLAIRGDEELDSLIKATIAGGGVIPHIHKSLIGKKGQQKTA,90,Cat,9685,
H2A,H2A.Z.2,,VGNC:109894,H2AZ2,H2A.Z variant histone 2,,,101099622,ENSFCAG00000010271,,HGNC:20664,XP_023105894.1,XP_023105894.1,MAGGKAGKDSGKAKAKAVSRSQRAGLQVLELAGNASKDLKVKRITPRHLQLAIRGDEELDSLIKATIAGGGVIPHIHKSLIGKKGQQKTA,90,Cat,9685,
H2A,H2A.Z.2,,VGNC:109894,H2AZ2,H2A.Z variant histone 2,,,101099622,ENSFCAG00000010271,,HGNC:20664,XP_023105894.1,XP_023105894.1,MAGGKAGKDSGKAKAKAVSRSQRAGLQVLELAGNASKDLKVKRITPRHLQLAIRGDEELDSLIKATIAGGGVIPHIHKSLIGKKGQQKTA,90,Cat,9685,
H2A,H2A.Z.2,,VGNC:109894,H2AZ2,H2A.Z variant histone 2,,,101099622,ENSFCAG00000010271,,HGNC:20664,XP_023105894.1,XP_023105894.1,MAGGKAGKDSGKAKAKAVSRSQRAGLQVLELAGNASKDLKVKRITPRHLQLAIRGDEELDSLIKATIAGGGVIPHIHKSLIGKKGQQKTA,90,Cat,9685,
H2A,H2A.Z.2,,VGNC:109894,H2AZ2,H2A.Z variant histone 2,,,101099622,ENSFCAG00000010271,,HGNC:20664,XP_023105893.1,XP_023105893.1,MAGGKAGKDSGKAKAKAVSRSQRAGLQFPVGRIHRHLKTRTTSHGRVGATAAVYSAAILEYLTAEVLELAGNASKDLKVKRITPRHLQLAIRGDEELDSLIKATIAGGGVIPHIHKSLIGKKGQQKTA,128,Cat,9685,
H2A,H2A.Z.2,,VGNC:109894,H2AZ2,H2A.Z variant histone 2,,,101099622,ENSFCAG00000010271,,HGNC:20664,XP_023105893.1,XP_023105893.1,MAGGKAGKDSGKAKAKAVSRSQRAGLQFPVGRIHRHLKTRTTSHGRVGATAAVYSAAILEYLTAEVLELAGNASKDLKVKRITPRHLQLAIRGDEELDSLIKATIAGGGVIPHIHKSLIGKKGQQKTA,128,Cat,9685,
H2A,H2A.Z.2,,VGNC:109894,H2AZ2,H2A.Z variant histone 2,,,101099622,ENSFCAG00000010271,,HGNC:20664,XP_023105893.1,XP_023105893.1,MAGGKAGKDSGKAKAKAVSRSQRAGLQFPVGRIHRHLKTRTTSHGRVGATAAVYSAAILEYLTAEVLELAGNASKDLKVKRITPRHLQLAIRGDEELDSLIKATIAGGGVIPHIHKSLIGKKGQQKTA,128,Cat,9685,
H2A,H2A.Z.2,,VGNC:109894,H2AZ2,H2A.Z variant histone 2,,,101099622,ENSFCAG00000010271,,HGNC:20664,XP_023105893.1,XP_023105893.1,MAGGKAGKDSGKAKAKAVSRSQRAGLQFPVGRIHRHLKTRTTSHGRVGATAAVYSAAILEYLTAEVLELAGNASKDLKVKRITPRHLQLAIRGDEELDSLIKATIAGGGVIPHIHKSLIGKKGQQKTA,128,Cat,9685,
H2A,H2A.Z.2,,VGNC:109894,H2AZ2,H2A.Z variant histone 2,,,101099622,ENSFCAG00000010271,,HGNC:20664,XP_023105893.1,XP_023105893.1,MAGGKAGKDSGKAKAKAVSRSQRAGLQFPVGRIHRHLKTRTTSHGRVGATAAVYSAAILEYLTAEVLELAGNASKDLKVKRITPRHLQLAIRGDEELDSLIKATIAGGGVIPHIHKSLIGKKGQQKTA,128,Cat,9685,
H2B,clustered H2B,isoform_1,VGNC:109897,H2BC1,H2B clustered histone 1,,,101096566,ENSFCAG00000014668,,HGNC:18730,XP_003985786.1,XP_003985786.1,MPELTSKGTTISKKGFKKAVTKTQKKEGKKRKRCRKESYSIYIYKVLKQVHPDTGISSKAMSIMNSFVTDIFERIAGEASRLAHYNKRSTITSREIQTAVRLLLPGELAKHAVSEGTKAVTKYTSSK,127,Cat,9685,
H2B,clustered H2B,isoform_4,VGNC:109904,H2BC10,H2B clustered histone 10,,,101088485,ENSFCAG00000046684,,HGNC:4756,XP_003985755.1,XP_003985755.1,MPEPAKSAPAPKKGSKKAVTKAQKKDGKKRKRSRKESYSVYVYKVLKQVHPDTGISSKAMGIMNSFVNDIFERIAGEASRLAHYNKRSTITSREIQTAVRLLLPGELAKHAVSEGTKAVTKYTSSK,126,Cat,9685,
H2B,clustered H2B,,VGNC:109905,H2BC11,H2B clustered histone 11,,,111560567,ENSFCAG00000040771,,HGNC:4761,,,,,Cat,9685,
H2B,clustered H2B,isoform_6,VGNC:109906,H2BC12,H2B clustered histone 12,,,101086477,,,HGNC:13954,XP_044914451.1,XP_044914451.1,MPEPAKSAPAPKKGSKKAVTKAQKKDGKKRKRSRKESYSVYVYKVLKQVHPDTGISSKAMGIMNSFVNDIFERIAGEASRLAHYNKRSTITSREIQTAVRLLLPGELAKHAVSEGTKAVTKYTSAK,126,Cat,9685,
H2B,clustered H2B,isoform_4,VGNC:109909,H2BC13,H2B clustered histone 13,,,101085463,ENSFCAG00000045581,,HGNC:4748,XP_003985743.1,XP_003985743.1,MPEPAKSAPAPKKGSKKAVTKAQKKDGKKRKRSRKESYSVYVYKVLKQVHPDTGISSKAMGIMNSFVNDIFERIAGEASRLAHYNKRSTITSREIQTAVRLLLPGELAKHAVSEGTKAVTKYTSSK,126,Cat,9685,
H2B,clustered H2B,isoform_4,VGNC:109907,H2BC14,H2B clustered histone 14,,,101084446,ENSFCAG00000044374,,HGNC:4750,XP_003985739.1,XP_003985739.1,MPEPAKSAPAPKKGSKKAVTKAQKKDGKKRKRSRKESYSVYVYKVLKQVHPDTGISSKAMGIMNSFVNDIFERIAGEASRLAHYNKRSTITSREIQTAVRLLLPGELAKHAVSEGTKAVTKYTSSK,126,Cat,9685,
H2B,clustered H2B,isoform_6,VGNC:109908,H2BC15,H2B clustered histone 15,,,101083514,,,HGNC:4749,XP_023110467.1,XP_023110467.1,MPEPAKSAPAPKKGSKKAVTKAQKKDGKKRKRSRKESYSVYVYKVLKQVHPDTGISSKAMGIMNSFVNDIFERIAGEASRLAHYNKRSTITSREIQTAVRLLLPGELAKHAVSEGTKAVTKYTSAK,126,Cat,9685,
H2B,clustered H2B,isoform_4,VGNC:109911,H2BC17,H2B clustered histone 17,,,101082235,ENSFCAG00000043341,,HGNC:4758,XP_003985731.1,XP_003985731.1,MPEPAKSAPAPKKGSKKAVTKAQKKDGKKRKRSRKESYSVYVYKVLKQVHPDTGISSKAMGIMNSFVNDIFERIAGEASRLAHYNKRSTITSREIQTAVRLLLPGELAKHAVSEGTKAVTKYTSSK,126,Cat,9685,
H2B,clustered H2B,isoform_7,VGNC:109912,H2BC18,H2B clustered histone 18,,,101100989,ENSFCAG00000046241,,HGNC:24700,XP_006935131.1,XP_006935131.1,MPDPAKSAPAPKKGSKKAVTKVQKKDGKKRKRSRKESYSVYVYKVLKQVHPDTGISSKAMGIMNSFVNDIFERIAGEASRLAHYNKRSTITSREIQTAVRLLLPGELAKHAVSEGTKAVTKYTSSK,126,Cat,9685,
H2B,clustered H2B,isoform_8,VGNC:109910,H2BC19,H2B clustered histone 19,,,101080314,ENSFCAG00000044074,,HGNC:20517,XP_019694662.3,XP_019694662.3,MPEPAKSAPAAKKGSKKAVTKAQKKDGKKRKRSRKESYSIYVYKVLKQVHPDTGISSKAMGIMNSFVNDIFERIAGEASRLAHYNKRSTITSREIQTAVRLLLPGELAKHAVSEGTKAVTKYTSSK,126,Cat,9685,
H2B,clustered H2B,isoform_2,VGNC:109896,H2BC2,H2B clustered histone 2,,,101096314,ENSFCAG00000026515,,HGNC:18719,XP_003985785.2,XP_003985785.2,MAELIFNGTTISKKCFKKAVTKTQKKEGKRRRCRRESYSVYVYKVLKQVHPDTGISSKAMSTMNSFVGDIFERIAGEASRLAHYNKHSTITSREIQTAVRLLLPGELAKHAVSEGTKAVTKYTSAK,126,Cat,9685,
H2B,clustered H2B,isoform_8,VGNC:109915,H2BC20,H2B clustered histone 20,,,101088681,,,HGNC:20516,XP_019693319.1,XP_019693319.1,MPEPAKSAPAAKKGSKKAVTKAQKKDGKKRKRSRKESYSIYVYKVLKQVHPDTGISSKAMGIMNSFVNDIFERIAGEASRLAHYNKRSTITSREIQTAVRLLLPGELAKHAVSEGTKAVTKYTSSK,126,Cat,9685,
H2B,clustered H2B,isoform_9,VGNC:109913,H2BC21,H2B clustered histone 21,,,101080561,,,HGNC:4760,XP_003990604.1,XP_003990604.1,MPEPAKSAPAPKKGSKKAVTKAQKKDGKKRKRSRKESYSIYVYKVLKQVHPDTGISSKAMGIMNSFVNDIFERIAGEASRLAHYNKRSTITSREIQTAVRLLLPGELAKHAVSEGTKAVTKYTSSK,126,Cat,9685,
H2B,clustered H2B,isoform_4,VGNC:109914,H2BC25,H2B clustered histone 25,,,,ENSFCAG00000042671,,,,,MPEPAKSAPAPKKGSKKAVTKAQKKDGKKRKRSRKESYSVYVYKVLKQVHPDTGISSKAMGIMNSFVNDIFERIAGEASRLAHYNKRSTITSREIQTAVRLLLPGELAKHAVSEGTKAVTKYTSSK,126,Cat,9685,Protein sequence downloaded from ensembl transcript
H2B,clustered H2B,isoform_10,VGNC:109916,H2BC26,H2B clustered histone 26,,,101098354,ENSFCAG00000032040,,HGNC:20514,XP_019685720.1,XP_019685720.1,MPDPSKSAPAPKKGSKKAVTKAQKKDGKKRKRSRKESYSIYVYKVLKQVHPDTGISSKAMGIMNSFVNDIFERIASEASRLAHYNKRSTITSREVQTAVRLLLPGELAKHAVSEGTKAVTKYTSSK,126,Cat,9685,
H2B,,,VGNC:109917,H2BC27P,"H2B clustered histone 27, pseudogene",,,101101028,ENSFCAG00000024427,,HGNC:20515,,,,,Cat,9685,
H2B,clustered H2B,isoform_3,VGNC:109895,H2BC3,H2B clustered histone 3,,,101093772,ENSFCAG00000043798,,HGNC:4751,XP_003985774.1,XP_003985774.1,MPEPSKSAPAPKKGSKKAITKAQKKDGKKRKRSRKESYSIYVYKVLKQVHPDTGISSKAMGIMNSFVNDIFERIAGEASRLAHYNKRSTITSREIQTAVRLLLPGELAKHAVSEGTKAVTKYTSSK,126,Cat,9685,
H2B,clustered H2B,isoform_4,VGNC:109898,H2BC4,H2B clustered histone 4,,,101092267,ENSFCAG00000045523,,HGNC:4757,XP_003985769.1,XP_003985769.1,MPEPAKSAPAPKKGSKKAVTKAQKKDGKKRKRSRKESYSVYVYKVLKQVHPDTGISSKAMGIMNSFVNDIFERIAGEASRLAHYNKRSTITSREIQTAVRLLLPGELAKHAVSEGTKAVTKYTSSK,126,Cat,9685,
H2B,clustered H2B,isoform_5,VGNC:109900,H2BC5,H2B clustered histone 5,,,101091533,ENSFCAG00000052405,,HGNC:4747,XP_044914454.1,XP_044914454.1,MPEPTKSAPAPKKGSKKAVTKAQKKDGKKRKRSRKESYSVYVYKVLKQVHPDTGISSKAMGIMNSFVNDIFERIAGEASRLAHYNKRSTITSREIQTAVRLLLPGELAKHAVSEGTKAVTKYTSSK,126,Cat,9685,
H2B,clustered H2B,isoform_5,VGNC:109900,H2BC5,H2B clustered histone 5,,,101091533,ENSFCAG00000052405,,HGNC:4747,XP_003985766.1,XP_003985766.1,MPEPTKSAPAPKKGSKKAVTKAQKKDGKKRKRSRKESYSVYVYKVLKQVHPDTGISSKAMGIMNSFVNDIFERIAGEASRLAHYNKRSTITSREIQTAVRLLLPGELAKHAVSEGTKAVTKYTSSK,126,Cat,9685,
H2B,clustered H2B,isoform_4,VGNC:109899,H2BC6,H2B clustered histone 6,,,101091280,ENSFCAG00000042117,,HGNC:4753,XP_003985765.1,XP_003985765.1,MPEPAKSAPAPKKGSKKAVTKAQKKDGKKRKRSRKESYSVYVYKVLKQVHPDTGISSKAMGIMNSFVNDIFERIAGEASRLAHYNKRSTITSREIQTAVRLLLPGELAKHAVSEGTKAVTKYTSSK,126,Cat,9685,
,,,VGNC:109902,H2BC7P,"H2B clustered histone 7, pseudogene",,,101090012,ENSFCAG00000046957,,HGNC:4752,XP_044914446.1,XP_044914446.1,MPEPAKSAPAPKKGSKKAVTKAQKKDGKKRKRSRKESYSVYVYKVLKQVHPDTGISSKAMGIMNSFVNDIFERIAGEASRLAHYNKRSTITSREIQTAVRLLLPGELAKHAVSEGTKAVTKCTSAK,126,Cat,9685,
H2B,clustered H2B,isoform_4,VGNC:109903,H2BC8,H2B clustered histone 8,,,101090262,ENSFCAG00000043943,,HGNC:4746,XP_044914450.1,XP_044914450.1,MPEPAKSAPAPKKGSKKAVTKAQKKDGKKRKRSRKESYSVYVYKVLKQVHPDTGISSKAMGIMNSFVNDIFERIAGEASRLAHYNKRSTITSREIQTAVRLLLPGELAKHAVSEGTKAVTKYTSSK,126,Cat,9685,
H2B,clustered H2B,isoform_4,VGNC:109903,H2BC8,H2B clustered histone 8,,,101090262,ENSFCAG00000043943,,HGNC:4746,XP_006931454.1,XP_006931454.1,MPEPAKSAPAPKKGSKKAVTKAQKKDGKKRKRSRKESYSVYVYKVLKQVHPDTGISSKAMGIMNSFVNDIFERIAGEASRLAHYNKRSTITSREIQTAVRLLLPGELAKHAVSEGTKAVTKYTSSK,126,Cat,9685,
H2B,clustered H2B,isoform_4,VGNC:109901,H2BC9,H2B clustered histone 9,,,101088746,ENSFCAG00000053061,,HGNC:4755,XP_044914455.1,XP_044914455.1,MPEPAKSAPAPKKGSKKAVTKAQKKDGKKRKRSRKESYSVYVYKVLKQVHPDTGISSKAMGIMNSFVNDIFERIAGEASRLAHYNKRSTITSREIQTAVRLLLPGELAKHAVSEGTKAVTKYTSSK,126,Cat,9685,
H2B,H2B.K,,VGNC:109918,H2BK1,H2B.K variant histone 1,,,102899259,ENSFCAG00000050168,,HGNC:53833,XP_044908968.1,XP_044908968.1,MCQRHLKHAATIRKLTGLWTDQTLMRSVRRDVHPDIGISSKAMSIMNSFVNDVFERLAGEAARLAQYSGRTTLTSREVQTAVRLLLPGELAKHAVSEGTKAVTKYTSSK,109,Cat,9685,
H2B,H2B.K,,VGNC:109918,H2BK1,H2B.K variant histone 1,,,102899259,ENSFCAG00000050168,,HGNC:53833,XP_019681595.1,XP_019681595.1,MSAEHGQQQQSGGRRGRSSGDKKSKKRSRRKETYSMYIYKVLKQVHPDIGISSKAMSIMNSFVNDVFERLAGEAARLAQYSGRTTLTSREVQTAVRLLLPGELAKHAVSEGTKAVTKYTSSK,122,Cat,9685,
H2B,H2B.L,,VGNC:109920,H2BL1,H2B.L variant histone 1,,,101092488,ENSFCAG00000030795,,HGNC:54442,XP_003981105.2,XP_003981105.2,MARFTSKKNKCPRGHQSPISRKKLHSSTDFGHRNYSLYVNRVLKEVIPQRGISSHTLDIMNTLINDIFERISMEACSVMCFRNRCTLTLEDIQKAVYLLLPEKLAKYAVTFGSEAVQRYVHS,122,Cat,9685,
H2B,H2B.W,,VGNC:109919,H2BW2,H2B.W histone 2,,,,ENSFCAG00000003808,,HGNC:27867,,,,,Cat,9685,
H3,H3.3,,VGNC:109923,H3-3A,H3.3 histone A,,,100169960,,,HGNC:4764,XP_023103082.1,XP_023103082.1,MARTKQTARKSTGGKAPRKQLATKAARKSAPSTGGVKKPHRYRPGTVALREIRRYQKSTELLIRKLPFQRLVREIAQDFKTDLRFQSAAIGALQEASEAYLVGLFEDTNLCAIHAKRVTIMPKDIQLARRIRGERA,136,Cat,9685,
H3,H3.3,,VGNC:109921,H3-3B,H3.3 histone B,,,101080845,ENSFCAG00000030424,,HGNC:4765,XP_003997209.3,XP_003997209.3,MARTKQTARKSTGGKAPRKQLATKAARKSAPSTGGVKKPHRYRPGTVALREIRRYQKSTELLIRKLPFQRLVREIAQDFKTDLRFQSAAIGALQEASEAYLVGLFEDTNLCAIHAKRVTIMPKDIQLARRIRGERA,136,Cat,9685,
H3,H3.4,,VGNC:109922,H3-4,"H3.4 histone, cluster member",,,101101285,ENSFCAG00000046137,,HGNC:4778,XP_011279596.1,XP_011279596.1,MARRKQTARRSTGSKAPHKHLATKVARKSSPATGGIKKPHRYRPGTVXRHYQKSTELLIRKLPFEREVCEIAQDFKTDLRFQSSAVMALQEACEAYMVGFFEDTNLCAIHAKRVTIMPKDLQLARRIRGERA,132,Cat,9685,
H3,clustered H3.1,isoform_1,VGNC:109925,H3C1,H3 clustered histone 1,,,,ENSFCAG00000040640,,HGNC:4766,,,MARTKQTARKSTGGKAPRKQLATKAARKSAPATGGVKKPHRYRPGTVALREIRRYQKSTELLIRKLPFQRLVREIAQDFKTDLRFQSSAVMALQEACEAYLVGLFEDTNLCAIHAKRVTIMPKDIQLARRIRGERA,136,Cat,9685,Protein sequence downloaded from ensembl transcript
H3,clustered H3.1,isoform_1,VGNC:109932,H3C10,H3 clustered histone 10,,,101084959,ENSFCAG00000044887,,HGNC:4775,XP_003985741.1,XP_003985741.1,MARTKQTARKSTGGKAPRKQLATKAARKSAPATGGVKKPHRYRPGTVALREIRRYQKSTELLIRKLPFQRLVREIAQDFKTDLRFQSSAVMALQEACEAYLVGLFEDTNLCAIHAKRVTIMPKDIQLARRIRGERA,136,Cat,9685,
H3,clustered H3.1,isoform_1,VGNC:109934,H3C11,H3 clustered histone 11,,,101080886,ENSFCAG00000041102,,HGNC:4771,XP_006931427.1,XP_006931427.1,MARTKQTARKSTGGKAPRKQLATKAARKSAPATGGVKKPHRYRPGTVALREIRRYQKSTELLIRKLPFQRLVREIAQDFKTDLRFQSSAVMALQEACEAYLVGLFEDTNLCAIHAKRVTIMPKDIQLARRIRGERA,136,Cat,9685,
H3,clustered H3.1,isoform_1,VGNC:109935,H3C12,H3 clustered histone 12,,,101080632,ENSFCAG00000045727,,HGNC:4774,XP_011280366.1,XP_011280366.1,MARTKQTARKSTGGKAPRKQLATKAARKSAPATGGVKKPHRYRPGTVALREIRRYQKSTELLIRKLPFQRLVREIAQDFKTDLRFQSSAVMALQEACEAYLVGLFEDTNLCAIHAKRVTIMPKDIQLARRIRGERA,136,Cat,9685,
H3,clustered H3.2,isoform_1,VGNC:109933,H3C13,H3 clustered histone 13,,,,ENSFCAG00000045408,,HGNC:25311,,,MARTKQTARKSTGGKAPRKQLATKAARKSAPATGGVKKPHRYRPGTVALREIRRYQKSTELLIRKLPFQRLVREIAQDFKTDLRFQSSAVMALQEASEAYLVGLFEDTNLCAIHAKRVTIMPKDIQLARRIRGERA,136,Cat,9685,Protein sequence downloaded from ensembl transcript
H3,clustered H3.2,isoform_1,VGNC:109936,H3C15,H3 clustered histone 15,,,101101243,,,HGNC:20505,XP_023114870.1,XP_023114870.1,MARTKQTARKSTGGKAPRKQLATKAARKSAPATGGVKKPHRYRPGTVALREIRRYQKSTELLIRKLPFQRLVREIAQDFKTDLRFQSSAVMALQEASEAYLVGLFEDTNLCAIHAKRVTIMPKDIQLARRIRGERA,136,Cat,9685,
H3,clustered H3.1,isoform_2(?),VGNC:109926,H3C2,H3 clustered histone 2,,,,ENSFCAG00000052993,,HGNC:4776,,,MARTKQTARKSTGGKAPRKQLATKAARKSAPATGGVKKPHRYRPGTVALREIRRYQKSTELLIRKLPFQRLVREIAQDFKTDLRFQSGQPSTKHKIHLELCGLLGLLYIPGF,112,Cat,9685,Protein sequence downloaded from ensembl transcript
H3,clustered H3.1,isoform_1,VGNC:109924,H3C3,H3 clustered histone 3,,,101093269,ENSFCAG00000041652,,HGNC:4768,XP_003985773.1,XP_003985773.1,MARTKQTARKSTGGKAPRKQLATKAARKSAPATGGVKKPHRYRPGTVALREIRRYQKSTELLIRKLPFQRLVREIAQDFKTDLRFQSSAVMALQEACEAYLVGLFEDTNLCAIHAKRVTIMPKDIQLARRIRGERA,136,Cat,9685,
H3,clustered H3.1,isoform_3,VGNC:109928,H3C4,H3 clustered histone 4,,,101084194,ENSFCAG00000044044,,HGNC:4767,XP_003985814.2,XP_003985814.2,MPFRTAGTKQTARKSTGGKAPRKQLATKAARKSAPATGGVKKPHRYRPGTVALREIRRYQKSTELLIRKLPFQRLVREIAQDFKTDLRFQSSAVMALQEACEAYLVGLFEDTNLCAIHAKRVTIMPKDIQLARRIRGEPA,140,Cat,9685,
H3,clustered H3.1,isoform_1,VGNC:109927,H3C5,H3 clustered histone 5,,,105260541,ENSFCAG00000039447,,HGNC:54427,XP_019687254.1,XP_019687254.1,MARTKQTARKSTGGKAPRKQLATKAARKSAPATGGVKKPHRYRPGTVALREIRRYQKSTELLIRKLPFQRLVREIAQDFKTDLRFQSSAVMALQEACEAYLVGLFEDTNLCAIHAKRVTIMPKDIQLARRIRGERA,136,Cat,9685,
H3,clustered H3.1,isoform_1,VGNC:109929,H3C6,H3 clustered histone 6,,,101089514,ENSFCAG00000043388,,HGNC:4769,XP_006931452.1,XP_006931452.1,MARTKQTARKSTGGKAPRKQLATKAARKSAPATGGVKKPHRYRPGTVALREIRRYQKSTELLIRKLPFQRLVREIAQDFKTDLRFQSSAVMALQEACEAYLVGLFEDTNLCAIHAKRVTIMPKDIQLARRIRGERA,136,Cat,9685,
H3,clustered H3.1,isoform_1,VGNC:109931,H3C7,H3 clustered histone 7,,,,ENSFCAG00000041936,,HGNC:4773,,,MARTKQTARKSTGGKAPRKQLATKAARKSAPATGGVKKPHRYRPGTVALREIRRYQKSTELLIRKLPFQRLVREIAQDFKTDLRFQSSAVMALQEACEAYLVGLFEDTNLCAIHAKRVTIMPKDIQLARRIRGERA,136,Cat,9685,Protein sequence downloaded from ensembl transcript
H3,clustered H3.1,isoform_1,VGNC:109930,H3C8,H3 clustered histone 8,,,,ENSFCAG00000041602,,HGNC:4772,,,MARTKQTARKSTGGKAPRKQLATKAARKSAPATGGVKKPHRYRPGTVALREIRRYQKSTELLIRKLPFQRLVREIAQDFKTDLRFQSSAVMALQEACEAYLVGLFEDTNLCAIHAKRVTIMPKDIQLARRIRGERA,136,Cat,9685,Protein sequence downloaded from ensembl transcript
H4,clustered H4,isoform_1,VGNC:109938,H4C1,H4 clustered histone 1,,,,ENSFCAG00000042402,,HGNC:4781,,,MSGRGKGGKGLGKGGAKRHRKVLRDNIQGITKPAIRRLARRGGVKRISGLIYEETRGVLKVFLENVIRDAVTYTEHAKRKTVTAMDVVYALKRQGRTLYGFGG,103,Cat,9685,Protein sequence downloaded from ensembl transcript
H4,clustered H4,isoform_1,VGNC:109943,H4C11,H4 clustered histone 11,,,101084193,ENSFCAG00000046263,,HGNC:4785,XP_023110468.1,XP_023110468.1,MSGRGKGGKGLGKGGAKRHRKVLRDNIQGITKPAIRRLARRGGVKRISGLIYEETRGVLKVFLENVIRDAVTYTEHAKRKTVTAMDVVYALKRQGRTLYGFGG,103,Cat,9685,
H4,clustered H4,isoform_1,VGNC:109944,H4C12,H4 clustered histone 12,,,101083933,ENSFCAG00000045765,,HGNC:4784,XP_003985737.1,XP_003985737.1,MSGRGKGGKGLGKGGAKRHRKVLRDNIQGITKPAIRRLARRGGVKRISGLIYEETRGVLKVFLENVIRDAVTYTEHAKRKTVTAMDVVYALKRQGRTLYGFGG,103,Cat,9685,
H4,clustered H4,isoform_1,VGNC:109947,H4C13,H4 clustered histone 13,,,101082491,ENSFCAG00000045635,,HGNC:4791,XP_003985732.1,XP_003985732.1,MSGRGKGGKGLGKGGAKRHRKVLRDNIQGITKPAIRRLARRGGVKRISGLIYEETRGVLKVFLENVIRDAVTYTEHAKRKTVTAMDVVYALKRQGRTLYGFGG,103,Cat,9685,
H4,clustered H4,isoform_1,VGNC:109948,H4C14,H4 clustered histone 14,,,101088423,ENSFCAG00000023368,,HGNC:4794,XP_006935130.1,XP_006935130.1,MSGRGKGGKGLGKGGAKRHRKVLRDNIQGITKPAIRRLARRGGVKRISGLIYEETRGVLKVFLENVIRDAVTYTEHAKRKTVTAMDVVYALKRQGRTLYGFGG,103,Cat,9685,
H4,clustered H4,isoform_1,VGNC:109949,H4C16,H4 histone 16,,,101095347,,,HGNC:20510,XP_006933596.1,XP_006933596.1,MSGRGKGGKGLGKGGAKRHRKVLRDNIQGITKPAIRRLARRGGVKRISGLIYEETRGVLKVFLENVIRDAVTYTEHAKRKTVTAMDVVYALKRQGRTLYGFGG,103,Cat,9685,
H4,clustered H4,isoform_1,VGNC:109946,H4C19,H4 clustered histone 19,,,101089767,ENSFCAG00000052591,,,XP_006931453.1,XP_006931453.1,MSGRGKGGKGLGKGGAKRHRKVLRDNIQGITKPAIRRLARRGGVKRISGLIYEETRGVLKVFLENVIRDAVTYTEHAKRKTVTAMDVVYALKRQGRTLYGFGG,103,Cat,9685,
H4,clustered H4,isoform_1,VGNC:109937,H4C2,H4 clustered histone 2,,,,ENSFCAG00000042793,,HGNC:4789,,,MSGRGKGGKGLGKGGAKRHRKVLRDNIQGITKPAIRRLARRGGVKRISGLIYEETRGVLKVFLENVIRDAVTYTEHAKRKTVTAMDVVYALKRQGRTLYGFGG,103,Cat,9685,Protein sequence downloaded from ensembl transcript
H4,clustered H4,isoform_1,VGNC:109939,H4C3,H4 clustered histone 3,,,101092762,ENSFCAG00000053116,,HGNC:4787,XP_006931456.1,XP_006931456.1,MSGRGKGGKGLGKGGAKRHRKVLRDNIQGITKPAIRRLARRGGVKRISGLIYEETRGVLKVFLENVIRDAVTYTEHAKRKTVTAMDVVYALKRQGRTLYGFGG,103,Cat,9685,
H4,clustered H4,isoform_1,VGNC:109942,H4C4,H4 clustered histone 4,,,101084708,ENSFCAG00000046199,,HGNC:4782,XP_044914458.1,XP_044914458.1,MSGRGKGGKGLGKGGAKRHRKVLRDNIQGITKPAIRRLARRGGVKRISGLIYEETRGVLKVFLENVIRDAVTYTEHAKRKTVTAMDVVYALKRQGRTLYGFGG,103,Cat,9685,
H4,clustered H4,isoform_1,VGNC:109941,H4C6,H4 clustered histone 6,,,101083921,ENSFCAG00000052647,,HGNC:4783,XP_011280379.1,XP_011280379.1,MSGRGKGGKGLGKGGAKRHRKVLRDNIQGITKPAIRRLARRGGVKRISGLIYEETRGVLKVFLENVIRDAVTYTEHAKRKTVTAMDVVYALKRQGRTLYGFGG,103,Cat,9685,
H4,clustered H4,isoform_1,VGNC:109940,H4C8,H4 clustered histone 8,,,101087478,ENSFCAG00000042515,,HGNC:4788,XP_023109351.1,XP_023109351.1,MSGRGKGGKGLGKGGAKRHRKVLRDNIQGITKPAIRRLARRGGVKRISGLIYEETRGVLKVFLENVIRDAVTYTEHAKRKTVTAMDVVYALKRQGRTLYGFGG,103,Cat,9685,
H4,clustered H4,isoform_1,VGNC:109945,H4C9,H4 clustered histone 9,,,105260538,ENSFCAG00000040479,,HGNC:4793,XP_011280374.1,XP_011280374.1,MSGRGKGGKGLGKGGAKRHRKVLRDNIQGITKPAIRRLARRGGVKRISGLIYEETRGVLKVFLENVIRDAVTYTEHAKRKTVTAMDVVYALKRQGRTLYGFGG,103,Cat,9685,
H2A,macroH2A.1,,VGNC:81624,MACROH2A1,macroH2A.1 histone,,,101080257,ENSFCAG00000013924,A0A2I2U6X1|A0A337SR47|M3WJR3|M3X3U0,HGNC:4740,XP_044915091.1,XP_044915091.1,MLSPDGVPLRVGVSASQVRERACAPKCGGQAPPPPPSRGQPAPRALPVLLLKRPSVREVSPRQGCCTEILELAGNAARDNKKGRVTPRHILLAVANDEELNQLLKGVTIASGGVLPNIHPELLAKKRGSKGKLEAIITPPPAKKAKSPSQKKPVSKKAGGKKGARKSKKQGEVSKAASADSTTEGTPADGFTVLSTKSLFLGQKLQVVQADIASIDSDAVVHPTNTDFYTGGEVGNTLEKKGGKEFVEAVLELRKKNGPLEVAGAAVSAGHGLPAKFVIHCNSPVWGADKCEELLEKTVKNCLALADDKKLKSIAFPSIGSGRNGFPKQTAAQLILKAISSYFVSTMSSSIKTVYFVLFDSESIGIYVQEMAKLDAN,377,Cat,9685,
H2A,macroH2A.1,,VGNC:81624,MACROH2A1,macroH2A.1 histone,,,101080257,ENSFCAG00000013924,A0A2I2U6X1|A0A337SR47|M3WJR3|M3X3U0,HGNC:4740,XP_044915091.1,XP_044915091.1,MLSPDGVPLRVGVSASQVRERACAPKCGGQAPPPPPSRGQPAPRALPVLLLKRPSVREVSPRQGCCTEILELAGNAARDNKKGRVTPRHILLAVANDEELNQLLKGVTIASGGVLPNIHPELLAKKRGSKGKLEAIITPPPAKKAKSPSQKKPVSKKAGGKKGARKSKKQGEVSKAASADSTTEGTPADGFTVLSTKSLFLGQKLQVVQADIASIDSDAVVHPTNTDFYTGGEVGNTLEKKGGKEFVEAVLELRKKNGPLEVAGAAVSAGHGLPAKFVIHCNSPVWGADKCEELLEKTVKNCLALADDKKLKSIAFPSIGSGRNGFPKQTAAQLILKAISSYFVSTMSSSIKTVYFVLFDSESIGIYVQEMAKLDAN,377,Cat,9685,
H2A,macroH2A.1,,VGNC:81624,MACROH2A1,macroH2A.1 histone,,,101080257,ENSFCAG00000013924,A0A2I2U6X1|A0A337SR47|M3WJR3|M3X3U0,HGNC:4740,XP_044915091.1,XP_044915091.1,MLSPDGVPLRVGVSASQVRERACAPKCGGQAPPPPPSRGQPAPRALPVLLLKRPSVREVSPRQGCCTEILELAGNAARDNKKGRVTPRHILLAVANDEELNQLLKGVTIASGGVLPNIHPELLAKKRGSKGKLEAIITPPPAKKAKSPSQKKPVSKKAGGKKGARKSKKQGEVSKAASADSTTEGTPADGFTVLSTKSLFLGQKLQVVQADIASIDSDAVVHPTNTDFYTGGEVGNTLEKKGGKEFVEAVLELRKKNGPLEVAGAAVSAGHGLPAKFVIHCNSPVWGADKCEELLEKTVKNCLALADDKKLKSIAFPSIGSGRNGFPKQTAAQLILKAISSYFVSTMSSSIKTVYFVLFDSESIGIYVQEMAKLDAN,377,Cat,9685,
H2A,macroH2A.1,,VGNC:81624,MACROH2A1,macroH2A.1 histone,,,101080257,ENSFCAG00000013924,A0A2I2U6X1|A0A337SR47|M3WJR3|M3X3U0,HGNC:4740,XP_044915089.1,XP_044915089.1,MLSPDGVPLRVGVSASQVRERACAPKCGGQAPPPPPSRGQPAPRALPVLLLKRPSVREVSPRQGCCTEILELAGNAARDNKKGRVTPRHILLAVANDEELNQLLKGVTIASGGVLPNIHPELLAKKRGSKGKLEAIITPPPAKKAKSPSQKKPVSKKAGGKKGARKSKKKQGEVSKAASADSTTEGTPADGFTVLSTKSLFLGQKLQVVQADIASIDSDAVVHPTNTDFYTGGEVGNTLEKKGGKEFVEAVLELRKKNGPLEVAGAAVSAGHGLPAKFVIHCNSPVWGADKCEELLEKTVKNCLALADDKKLKSIAFPSIGSGRNGFPKQTAAQLILKAISSYFVSTMSSSIKTVYFVLFDSESIGIYVQEMAKLDAN,378,Cat,9685,
H2A,macroH2A.1,,VGNC:81624,MACROH2A1,macroH2A.1 histone,,,101080257,ENSFCAG00000013924,A0A2I2U6X1|A0A337SR47|M3WJR3|M3X3U0,HGNC:4740,XP_044915089.1,XP_044915089.1,MLSPDGVPLRVGVSASQVRERACAPKCGGQAPPPPPSRGQPAPRALPVLLLKRPSVREVSPRQGCCTEILELAGNAARDNKKGRVTPRHILLAVANDEELNQLLKGVTIASGGVLPNIHPELLAKKRGSKGKLEAIITPPPAKKAKSPSQKKPVSKKAGGKKGARKSKKKQGEVSKAASADSTTEGTPADGFTVLSTKSLFLGQKLQVVQADIASIDSDAVVHPTNTDFYTGGEVGNTLEKKGGKEFVEAVLELRKKNGPLEVAGAAVSAGHGLPAKFVIHCNSPVWGADKCEELLEKTVKNCLALADDKKLKSIAFPSIGSGRNGFPKQTAAQLILKAISSYFVSTMSSSIKTVYFVLFDSESIGIYVQEMAKLDAN,378,Cat,9685,
H2A,macroH2A.1,,VGNC:81624,MACROH2A1,macroH2A.1 histone,,,101080257,ENSFCAG00000013924,A0A2I2U6X1|A0A337SR47|M3WJR3|M3X3U0,HGNC:4740,XP_044915089.1,XP_044915089.1,MLSPDGVPLRVGVSASQVRERACAPKCGGQAPPPPPSRGQPAPRALPVLLLKRPSVREVSPRQGCCTEILELAGNAARDNKKGRVTPRHILLAVANDEELNQLLKGVTIASGGVLPNIHPELLAKKRGSKGKLEAIITPPPAKKAKSPSQKKPVSKKAGGKKGARKSKKKQGEVSKAASADSTTEGTPADGFTVLSTKSLFLGQKLQVVQADIASIDSDAVVHPTNTDFYTGGEVGNTLEKKGGKEFVEAVLELRKKNGPLEVAGAAVSAGHGLPAKFVIHCNSPVWGADKCEELLEKTVKNCLALADDKKLKSIAFPSIGSGRNGFPKQTAAQLILKAISSYFVSTMSSSIKTVYFVLFDSESIGIYVQEMAKLDAN,378,Cat,9685,
H2A,macroH2A.1,,VGNC:81624,MACROH2A1,macroH2A.1 histone,,,101080257,ENSFCAG00000013924,A0A2I2U6X1|A0A337SR47|M3WJR3|M3X3U0,HGNC:4740,XP_044915085.1,XP_044915085.1,MLSPDGVPLRVGVSASQVRERACAPKCGGQAPPPPPSRGQPAPRALPVLLLKRPSVREVSPRQGCCTEILELAGNAARDNKKGRVTPRHILLAVANDEELNQLLKGVTIASGGVLPNIHPELLAKKRGSKGKLEAIITPPPAKKAKSPSQKKPVSKKAGGKKGARKSKKQGEVSKAASADSTTEGTPADGFTVLSTKSLFLGQKLNLIHSEISNLAGFEVEAIINPTNADIDLKDDLGNTLEKKGGKEFVEAVLELRKKNGPLEVAGAAVSAGHGLPAKFVIHCNSPVWGADKCEELLEKTVKNCLALADDKKLKSIAFPSIGSGRNGFPKQTAAQLILKAISSYFVSTMSSSIKTVYFVLFDSESIGIYVQEMAKLDAN,380,Cat,9685,
H2A,macroH2A.1,,VGNC:81624,MACROH2A1,macroH2A.1 histone,,,101080257,ENSFCAG00000013924,A0A2I2U6X1|A0A337SR47|M3WJR3|M3X3U0,HGNC:4740,XP_044915085.1,XP_044915085.1,MLSPDGVPLRVGVSASQVRERACAPKCGGQAPPPPPSRGQPAPRALPVLLLKRPSVREVSPRQGCCTEILELAGNAARDNKKGRVTPRHILLAVANDEELNQLLKGVTIASGGVLPNIHPELLAKKRGSKGKLEAIITPPPAKKAKSPSQKKPVSKKAGGKKGARKSKKQGEVSKAASADSTTEGTPADGFTVLSTKSLFLGQKLNLIHSEISNLAGFEVEAIINPTNADIDLKDDLGNTLEKKGGKEFVEAVLELRKKNGPLEVAGAAVSAGHGLPAKFVIHCNSPVWGADKCEELLEKTVKNCLALADDKKLKSIAFPSIGSGRNGFPKQTAAQLILKAISSYFVSTMSSSIKTVYFVLFDSESIGIYVQEMAKLDAN,380,Cat,9685,
H2A,macroH2A.1,,VGNC:81624,MACROH2A1,macroH2A.1 histone,,,101080257,ENSFCAG00000013924,A0A2I2U6X1|A0A337SR47|M3WJR3|M3X3U0,HGNC:4740,XP_044915085.1,XP_044915085.1,MLSPDGVPLRVGVSASQVRERACAPKCGGQAPPPPPSRGQPAPRALPVLLLKRPSVREVSPRQGCCTEILELAGNAARDNKKGRVTPRHILLAVANDEELNQLLKGVTIASGGVLPNIHPELLAKKRGSKGKLEAIITPPPAKKAKSPSQKKPVSKKAGGKKGARKSKKQGEVSKAASADSTTEGTPADGFTVLSTKSLFLGQKLNLIHSEISNLAGFEVEAIINPTNADIDLKDDLGNTLEKKGGKEFVEAVLELRKKNGPLEVAGAAVSAGHGLPAKFVIHCNSPVWGADKCEELLEKTVKNCLALADDKKLKSIAFPSIGSGRNGFPKQTAAQLILKAISSYFVSTMSSSIKTVYFVLFDSESIGIYVQEMAKLDAN,380,Cat,9685,
H2A,macroH2A.1,,VGNC:81624,MACROH2A1,macroH2A.1 histone,,,101080257,ENSFCAG00000013924,A0A2I2U6X1|A0A337SR47|M3WJR3|M3X3U0,HGNC:4740,XP_044915084.1,XP_044915084.1,MLSPDGVPLRVGVSASQVRERACAPKCGGQAPPPPPSRGQPAPRALPVLLLKRPSVREVSPRQGCCTEILELAGNAARDNKKGRVTPRHILLAVANDEELNQLLKGVTIASGGVLPNIHPELLAKKRGSKGKLEAIITPPPAKKAKSPSQKKPVSKKAGGKKGARKSKKKQGEVSKAASADSTTEGTPADGFTVLSTKSLFLGQKLNLIHSEISNLAGFEVEAIINPTNADIDLKDDLGNTLEKKGGKEFVEAVLELRKKNGPLEVAGAAVSAGHGLPAKFVIHCNSPVWGADKCEELLEKTVKNCLALADDKKLKSIAFPSIGSGRNGFPKQTAAQLILKAISSYFVSTMSSSIKTVYFVLFDSESIGIYVQEMAKLDAN,381,Cat,9685,
H2A,macroH2A.1,,VGNC:81624,MACROH2A1,macroH2A.1 histone,,,101080257,ENSFCAG00000013924,A0A2I2U6X1|A0A337SR47|M3WJR3|M3X3U0,HGNC:4740,XP_044915084.1,XP_044915084.1,MLSPDGVPLRVGVSASQVRERACAPKCGGQAPPPPPSRGQPAPRALPVLLLKRPSVREVSPRQGCCTEILELAGNAARDNKKGRVTPRHILLAVANDEELNQLLKGVTIASGGVLPNIHPELLAKKRGSKGKLEAIITPPPAKKAKSPSQKKPVSKKAGGKKGARKSKKKQGEVSKAASADSTTEGTPADGFTVLSTKSLFLGQKLNLIHSEISNLAGFEVEAIINPTNADIDLKDDLGNTLEKKGGKEFVEAVLELRKKNGPLEVAGAAVSAGHGLPAKFVIHCNSPVWGADKCEELLEKTVKNCLALADDKKLKSIAFPSIGSGRNGFPKQTAAQLILKAISSYFVSTMSSSIKTVYFVLFDSESIGIYVQEMAKLDAN,381,Cat,9685,
H2A,macroH2A.1,,VGNC:81624,MACROH2A1,macroH2A.1 histone,,,101080257,ENSFCAG00000013924,A0A2I2U6X1|A0A337SR47|M3WJR3|M3X3U0,HGNC:4740,XP_044915084.1,XP_044915084.1,MLSPDGVPLRVGVSASQVRERACAPKCGGQAPPPPPSRGQPAPRALPVLLLKRPSVREVSPRQGCCTEILELAGNAARDNKKGRVTPRHILLAVANDEELNQLLKGVTIASGGVLPNIHPELLAKKRGSKGKLEAIITPPPAKKAKSPSQKKPVSKKAGGKKGARKSKKKQGEVSKAASADSTTEGTPADGFTVLSTKSLFLGQKLNLIHSEISNLAGFEVEAIINPTNADIDLKDDLGNTLEKKGGKEFVEAVLELRKKNGPLEVAGAAVSAGHGLPAKFVIHCNSPVWGADKCEELLEKTVKNCLALADDKKLKSIAFPSIGSGRNGFPKQTAAQLILKAISSYFVSTMSSSIKTVYFVLFDSESIGIYVQEMAKLDAN,381,Cat,9685,
H2A,macroH2A.1,,VGNC:81624,MACROH2A1,macroH2A.1 histone,,,101080257,ENSFCAG00000013924,A0A2I2U6X1|A0A337SR47|M3WJR3|M3X3U0,HGNC:4740,XP_023111205.1,XP_023111205.1,MSSRGGKKKSTKTSRSAKAGVIFPVGRMLRYIKKGHPKYRIGVGAPVYMAAVLEYLTAEILELAGNAARDNKKGRVTPRHILLAVANDEELNQLLKGVTIASGGVLPNIHPELLAKKRGSKGKLEAIITPPPAKKAKSPSQKKPVSKKAGGKKGARKSKKQGEVSKAASADSTTEGTPADGFTVLSTKSLFLGQKLQVVQADIASIDSDAVVHPTNTDFYTGGEVGNTLEKKGGKEFVEAVLELRKKNGPLEVAGAAVSAGHGLPAKFVIHCNSPVWGADKCEELLEKTVKNCLALADDKKLKSIAFPSIGSGRNGFPKQTAAQLILKAISSYFVSTMSSSIKTVYFVLFDSESIGIYVQEMAKLDAN,368,Cat,9685,
H2A,macroH2A.1,,VGNC:81624,MACROH2A1,macroH2A.1 histone,,,101080257,ENSFCAG00000013924,A0A2I2U6X1|A0A337SR47|M3WJR3|M3X3U0,HGNC:4740,XP_023111205.1,XP_023111205.1,MSSRGGKKKSTKTSRSAKAGVIFPVGRMLRYIKKGHPKYRIGVGAPVYMAAVLEYLTAEILELAGNAARDNKKGRVTPRHILLAVANDEELNQLLKGVTIASGGVLPNIHPELLAKKRGSKGKLEAIITPPPAKKAKSPSQKKPVSKKAGGKKGARKSKKQGEVSKAASADSTTEGTPADGFTVLSTKSLFLGQKLQVVQADIASIDSDAVVHPTNTDFYTGGEVGNTLEKKGGKEFVEAVLELRKKNGPLEVAGAAVSAGHGLPAKFVIHCNSPVWGADKCEELLEKTVKNCLALADDKKLKSIAFPSIGSGRNGFPKQTAAQLILKAISSYFVSTMSSSIKTVYFVLFDSESIGIYVQEMAKLDAN,368,Cat,9685,
H2A,macroH2A.1,,VGNC:81624,MACROH2A1,macroH2A.1 histone,,,101080257,ENSFCAG00000013924,A0A2I2U6X1|A0A337SR47|M3WJR3|M3X3U0,HGNC:4740,XP_023111205.1,XP_023111205.1,MSSRGGKKKSTKTSRSAKAGVIFPVGRMLRYIKKGHPKYRIGVGAPVYMAAVLEYLTAEILELAGNAARDNKKGRVTPRHILLAVANDEELNQLLKGVTIASGGVLPNIHPELLAKKRGSKGKLEAIITPPPAKKAKSPSQKKPVSKKAGGKKGARKSKKQGEVSKAASADSTTEGTPADGFTVLSTKSLFLGQKLQVVQADIASIDSDAVVHPTNTDFYTGGEVGNTLEKKGGKEFVEAVLELRKKNGPLEVAGAAVSAGHGLPAKFVIHCNSPVWGADKCEELLEKTVKNCLALADDKKLKSIAFPSIGSGRNGFPKQTAAQLILKAISSYFVSTMSSSIKTVYFVLFDSESIGIYVQEMAKLDAN,368,Cat,9685,
H2A,macroH2A.1,,VGNC:81624,MACROH2A1,macroH2A.1 histone,,,101080257,ENSFCAG00000013924,A0A2I2U6X1|A0A337SR47|M3WJR3|M3X3U0,HGNC:4740,XP_023111201.1,XP_023111201.1,MSSRGGKKKSTKTSRSAKAGVIFPVGRMLRYIKKGHPKYRIGVGAPVYMAAVLEYLTAEILELAGNAARDNKKGRVTPRHILLAVANDEELNQLLKGVTIASGGVLPNIHPELLAKKRGSKGKLEAIITPPPAKKAKSPSQKKPVSKKAGGKKGARKSKKKQGEVSKAASADSTTEGTPADGFTVLSTKSLFLGQKLQVVQADIASIDSDAVVHPTNTDFYTGGEVGNTLEKKGGKEFVEAVLELRKKNGPLEVAGAAVSAGHGLPAKFVIHCNSPVWGADKCEELLEKTVKNCLALADDKKLKSIAFPSIGSGRNGFPKQTAAQLILKAISSYFVSTMSSSIKTVYFVLFDSESIGIYVQEMAKLDAN,369,Cat,9685,
H2A,macroH2A.1,,VGNC:81624,MACROH2A1,macroH2A.1 histone,,,101080257,ENSFCAG00000013924,A0A2I2U6X1|A0A337SR47|M3WJR3|M3X3U0,HGNC:4740,XP_023111201.1,XP_023111201.1,MSSRGGKKKSTKTSRSAKAGVIFPVGRMLRYIKKGHPKYRIGVGAPVYMAAVLEYLTAEILELAGNAARDNKKGRVTPRHILLAVANDEELNQLLKGVTIASGGVLPNIHPELLAKKRGSKGKLEAIITPPPAKKAKSPSQKKPVSKKAGGKKGARKSKKKQGEVSKAASADSTTEGTPADGFTVLSTKSLFLGQKLQVVQADIASIDSDAVVHPTNTDFYTGGEVGNTLEKKGGKEFVEAVLELRKKNGPLEVAGAAVSAGHGLPAKFVIHCNSPVWGADKCEELLEKTVKNCLALADDKKLKSIAFPSIGSGRNGFPKQTAAQLILKAISSYFVSTMSSSIKTVYFVLFDSESIGIYVQEMAKLDAN,369,Cat,9685,
H2A,macroH2A.1,,VGNC:81624,MACROH2A1,macroH2A.1 histone,,,101080257,ENSFCAG00000013924,A0A2I2U6X1|A0A337SR47|M3WJR3|M3X3U0,HGNC:4740,XP_023111201.1,XP_023111201.1,MSSRGGKKKSTKTSRSAKAGVIFPVGRMLRYIKKGHPKYRIGVGAPVYMAAVLEYLTAEILELAGNAARDNKKGRVTPRHILLAVANDEELNQLLKGVTIASGGVLPNIHPELLAKKRGSKGKLEAIITPPPAKKAKSPSQKKPVSKKAGGKKGARKSKKKQGEVSKAASADSTTEGTPADGFTVLSTKSLFLGQKLQVVQADIASIDSDAVVHPTNTDFYTGGEVGNTLEKKGGKEFVEAVLELRKKNGPLEVAGAAVSAGHGLPAKFVIHCNSPVWGADKCEELLEKTVKNCLALADDKKLKSIAFPSIGSGRNGFPKQTAAQLILKAISSYFVSTMSSSIKTVYFVLFDSESIGIYVQEMAKLDAN,369,Cat,9685,
H2A,macroH2A.1,,VGNC:81624,MACROH2A1,macroH2A.1 histone,,,101080257,ENSFCAG00000013924,A0A2I2U6X1|A0A337SR47|M3WJR3|M3X3U0,HGNC:4740,XP_023111196.1,XP_023111196.1,MSSRGGKKKSTKTSRSAKAGVIFPVGRMLRYIKKGHPKYRIGVGAPVYMAAVLEYLTAEILELAGNAARDNKKGRVTPRHILLAVANDEELNQLLKGVTIASGGVLPNIHPELLAKKRGSKGKLEAIITPPPAKKAKSPSQKKPVSKKAGGKKGARKSKKQGEVSKAASADSTTEGTPADGFTVLSTKSLFLGQKLNLIHSEISNLAGFEVEAIINPTNADIDLKDDLGNTLEKKGGKEFVEAVLELRKKNGPLEVAGAAVSAGHGLPAKFVIHCNSPVWGADKCEELLEKTVKNCLALADDKKLKSIAFPSIGSGRNGFPKQTAAQLILKAISSYFVSTMSSSIKTVYFVLFDSESIGIYVQEMAKLDAN,371,Cat,9685,
H2A,macroH2A.1,,VGNC:81624,MACROH2A1,macroH2A.1 histone,,,101080257,ENSFCAG00000013924,A0A2I2U6X1|A0A337SR47|M3WJR3|M3X3U0,HGNC:4740,XP_023111196.1,XP_023111196.1,MSSRGGKKKSTKTSRSAKAGVIFPVGRMLRYIKKGHPKYRIGVGAPVYMAAVLEYLTAEILELAGNAARDNKKGRVTPRHILLAVANDEELNQLLKGVTIASGGVLPNIHPELLAKKRGSKGKLEAIITPPPAKKAKSPSQKKPVSKKAGGKKGARKSKKQGEVSKAASADSTTEGTPADGFTVLSTKSLFLGQKLNLIHSEISNLAGFEVEAIINPTNADIDLKDDLGNTLEKKGGKEFVEAVLELRKKNGPLEVAGAAVSAGHGLPAKFVIHCNSPVWGADKCEELLEKTVKNCLALADDKKLKSIAFPSIGSGRNGFPKQTAAQLILKAISSYFVSTMSSSIKTVYFVLFDSESIGIYVQEMAKLDAN,371,Cat,9685,
H2A,macroH2A.1,,VGNC:81624,MACROH2A1,macroH2A.1 histone,,,101080257,ENSFCAG00000013924,A0A2I2U6X1|A0A337SR47|M3WJR3|M3X3U0,HGNC:4740,XP_023111196.1,XP_023111196.1,MSSRGGKKKSTKTSRSAKAGVIFPVGRMLRYIKKGHPKYRIGVGAPVYMAAVLEYLTAEILELAGNAARDNKKGRVTPRHILLAVANDEELNQLLKGVTIASGGVLPNIHPELLAKKRGSKGKLEAIITPPPAKKAKSPSQKKPVSKKAGGKKGARKSKKQGEVSKAASADSTTEGTPADGFTVLSTKSLFLGQKLNLIHSEISNLAGFEVEAIINPTNADIDLKDDLGNTLEKKGGKEFVEAVLELRKKNGPLEVAGAAVSAGHGLPAKFVIHCNSPVWGADKCEELLEKTVKNCLALADDKKLKSIAFPSIGSGRNGFPKQTAAQLILKAISSYFVSTMSSSIKTVYFVLFDSESIGIYVQEMAKLDAN,371,Cat,9685,
H2A,macroH2A.1,,VGNC:81624,MACROH2A1,macroH2A.1 histone,,,101080257,ENSFCAG00000013924,A0A2I2U6X1|A0A337SR47|M3WJR3|M3X3U0,HGNC:4740,XP_023111195.1,XP_023111195.1,MSSRGGKKKSTKTSRSAKAGVIFPVGRMLRYIKKGHPKYRIGVGAPVYMAAVLEYLTAEILELAGNAARDNKKGRVTPRHILLAVANDEELNQLLKGVTIASGGVLPNIHPELLAKKRGSKGKLEAIITPPPAKKAKSPSQKKPVSKKAGGKKGARKSKKKQGEVSKAASADSTTEGTPADGFTVLSTKSLFLGQKLNLIHSEISNLAGFEVEAIINPTNADIDLKDDLGNTLEKKGGKEFVEAVLELRKKNGPLEVAGAAVSAGHGLPAKFVIHCNSPVWGADKCEELLEKTVKNCLALADDKKLKSIAFPSIGSGRNGFPKQTAAQLILKAISSYFVSTMSSSIKTVYFVLFDSESIGIYVQEMAKLDAN,372,Cat,9685,
H2A,macroH2A.1,,VGNC:81624,MACROH2A1,macroH2A.1 histone,,,101080257,ENSFCAG00000013924,A0A2I2U6X1|A0A337SR47|M3WJR3|M3X3U0,HGNC:4740,XP_023111195.1,XP_023111195.1,MSSRGGKKKSTKTSRSAKAGVIFPVGRMLRYIKKGHPKYRIGVGAPVYMAAVLEYLTAEILELAGNAARDNKKGRVTPRHILLAVANDEELNQLLKGVTIASGGVLPNIHPELLAKKRGSKGKLEAIITPPPAKKAKSPSQKKPVSKKAGGKKGARKSKKKQGEVSKAASADSTTEGTPADGFTVLSTKSLFLGQKLNLIHSEISNLAGFEVEAIINPTNADIDLKDDLGNTLEKKGGKEFVEAVLELRKKNGPLEVAGAAVSAGHGLPAKFVIHCNSPVWGADKCEELLEKTVKNCLALADDKKLKSIAFPSIGSGRNGFPKQTAAQLILKAISSYFVSTMSSSIKTVYFVLFDSESIGIYVQEMAKLDAN,372,Cat,9685,
H2A,macroH2A.1,,VGNC:81624,MACROH2A1,macroH2A.1 histone,,,101080257,ENSFCAG00000013924,A0A2I2U6X1|A0A337SR47|M3WJR3|M3X3U0,HGNC:4740,XP_023111195.1,XP_023111195.1,MSSRGGKKKSTKTSRSAKAGVIFPVGRMLRYIKKGHPKYRIGVGAPVYMAAVLEYLTAEILELAGNAARDNKKGRVTPRHILLAVANDEELNQLLKGVTIASGGVLPNIHPELLAKKRGSKGKLEAIITPPPAKKAKSPSQKKPVSKKAGGKKGARKSKKKQGEVSKAASADSTTEGTPADGFTVLSTKSLFLGQKLNLIHSEISNLAGFEVEAIINPTNADIDLKDDLGNTLEKKGGKEFVEAVLELRKKNGPLEVAGAAVSAGHGLPAKFVIHCNSPVWGADKCEELLEKTVKNCLALADDKKLKSIAFPSIGSGRNGFPKQTAAQLILKAISSYFVSTMSSSIKTVYFVLFDSESIGIYVQEMAKLDAN,372,Cat,9685,
H2A,macroH2A.2,,VGNC:81625,MACROH2A2,macroH2A.2 histone,,,101095520,ENSFCAG00000001225,M3VW87,HGNC:14453,XP_023096281.1,XP_023096281.1,MSGRSGKKKMSKLSRSARAGVIFPVGRLMRYLKKGTFKYRISVGAPVYMAAVIEYLAAEILELAGNAARDNKKARIAPRHILLAVANDEELNQLLKGVTIASGGVLPRIHPELLAKKRGTKGKSETILSPPPEKRGRKAASGKKGGKKSKAAKPRTSKKSKPKDSDKEGTSNSTSEDGPGDGFTILSSKSLVLGQKLSLTQSDISHIGSMRVEGIVHPTTAEIDLKEDIGKALEKAGGKEFLETVKELRKSQGPLEVAEAAVSQSSGLAAKFVIHCHIPQWGSDKCEEQLEETIKNCLSAAEDKKLKSVAFPPFPSGRNCFPKQTAAQVTLKAISAHFDDSSASSLKNVYFLLFDSESIGIYVQEMAKLDAK,372,Cat,9685,
