Histone type,Histone variant,Clustered (canonical) isoform,vgnc_id,symbol,name,prev_symbol,prev_name,ncbi_id,ensembl_gene_id,uniprot_ids,Human gene ortholog HGNC ID,refseq_id,accession,sequence,Species,taxon_id,comment
H1,H1.0,,VGNC:83619,H1-0,H1.0 linker histone,,,617975,ENSBTAG00000038439,,HGNC:4714,NP_001069955.1,NP_001069955.1,MTENSTSTPAAKPKRAKASKKSTDHPKYSDMIVAAIQAEKNRAGSSRQSIQKYIKSHYKVGENADSQIKLSIKRLVTTGVLKQTKGVGASGSFRLAKSDEPKRSVAFKKTKKEVKKVATPKKAAKPKKAASKAPSKKPKATPVKKAKKKPAATPKKTKKPKTVKAKPVKASKPKKTKPVKPKAKSSAKRTGKKK,Cattle,9913,
H1,H1.1,,VGNC:83548,H1-1,"H1.1 linker histone, cluster member",,,618164,ENSBTAG00000046621,,HGNC:4715,XP_010816821.1,XP_010816821.1,MSEVALPAPAASTSPEKPSAGKKAKKPAKAAAAAKKKPAGPSVSELIVQAVSSSKERSGVSLAALKKALAAAGYDVEKNNSRIKLGLKSLVGKGTLVQTKGTGASGSFKLNKKVASVDAKPTATKVATKTKVTSASKKPKKASGAAAAKKSVKTPKKARKSVLTKKSSKSPKKPKAVKPKKVAKSPAKAKAVKPKGAKVKVTKPKTAAKPKKAAPKKK,Cattle,9913,
H1,H1.10,,VGNC:83614,H1-10,H1.10 linker histone,,,511901,ENSBTAG00000040116,F1MMU4,HGNC:4722,XP_002697189.1,XP_002697189.1,MSVELEEALPLTTAEGAAKKAAKAGGSAALSPSKKRKNSKKKNQPGKYSQLVVETIRRLGERNGSSLAKIYAEAKKVAWFDQQNGRTYLKYSIKALVQNDTLLQVKGTGANGSFKLNRKKLEGGGGERRGAPAPASAPAPAAHKAKKAAPGAAAPRRADKKPAKGPQPEKRSHKKGAASKKDKGSKAKKAAAAGGKKVKKAAKPSVPKVPKGRK,Cattle,9913,
H1,H1.12,,VGNC:83563,H1-12,"H1.12 linker histone, cluster member",,,515957,ENSBTAG00000031774,A5PK20,HGNC:19163,NP_001092459.1,NP_001092459.1,MSETVPAAPPAPSPAEKTPVKKKARKSTSAPKRKASGPSVSDLITKAVAASKERSGVSLAALKKALAAAGYDVEKNNSRIKLGLKSLVSKGTLVQTKGTGASGSFKLNKKAATGEAKPKAKKAGAAKPKKAAGAAKKPKKSTGAATPKKTAKTTLKKVKPATGAKKVAKSPKKVKTAKPKAAKSPVKAKVNKPKVAKPKAVQPKKATPKK,Cattle,9913,
H1,H1.2,,VGNC:83558,H1-2,"H1.2 linker histone, cluster member",,,513971,ENSBTAG00000011677,A0A452DIF5,HGNC:4716,NP_001076894.1,NP_001076894.1,MSETAPAAPAAAPPAEKTPVKKKAAKKPAGARRKASGPPVSELITKAVAASKERSGVSLAALKKALAAAGYDVEKNNSRIKLGLKSLVSKGTLVQTKGTGASGSFKLNKKAATGEAKPKAKKAGAAKPKKAAGAAKKTKKATGAATPKKTAKKTPKKAKKPAAAAVTKKVAKSPKKAKAAKPKKAAKSAAKAVKPKAAKPKVAKPKKAAPKKK,Cattle,9913,
H1,H1.3,,VGNC:83573,H1-3,"H1.3 linker histone, cluster member",,,509275,,,HGNC:4717,NP_001094536.1,NP_001094536.1,MSETAPVAPAAPAPAEKTPVKKKAKKSGVAAGKRKASGPPVSELITKAVAASKERSGVSLAALKKALAAAGYDVEKNNSRIKLGLKSLVSKGTLVQTKGTGASGSFKLNKKAATGEAKPKGKKAGAAKPKKAAGAAKKPKKSTGAATPKKAAKKTPKKVKKPAAAAGTKKVAKSPKKAKAAKPKKPTKSPAKAKAPKPKAAKPKAAKPKATKAKKAVSKKK,Cattle,9913,
H1,H1.4,,VGNC:83559,H1-4,"H1.4 linker histone, cluster member",,,617854,ENSBTAG00000047206,G3MWV5,HGNC:4718,XP_002697564.2,XP_002697564.2,MSETAPAAPAAPAPAEKTPVKKKARKAAGAAKRKASGPPVSELITKAVAASKERSGVSLAALKKALAAAGYDVEKNNSRIKLGLKSLVSKGTLVQTKGTGASGSFKLNKKAATGEAKPKTKKAGAAKPKKPAGAAKKPKKATGAATPKKSAKKTPKKAKKPAAAAGAKKAKSPKKAKAAKPKKAPKSPAKAKAVKPKAAKPKTAKPKAAKPKKAAAKKK,Cattle,9913,
H1,H1.5,,VGNC:83591,H1-5,"H1.5 linker histone, cluster member",,,527304,,,HGNC:4719,XP_010816761.1,XP_010816761.1,MSETAPAETAAPAPVEKSPAKKKATKKTASGGAAKRKATGPPVSELITKAVAASKERNGLSLAALKKALAAGGYDVEKNNSRIKLGLKSLVSKGTLVQTKGTGASGSFKLNKKAAAGEAKPKAKKAGAAKAKKPAGATPKKPKKAAGAKKAVKKTPKKAKKPAASGVKKVAKSPKKAKTAAKPKKAAKSPAKPKAVKPKAAKPKTSKPKAAKPKAAKAKKAAPKKK,Cattle,9913,
H1,H1.6,,VGNC:83557,H1-6,"H1.6 linker histone, cluster member",,,,ENSBTAG00000011671,,HGNC:4720,,,MSETAPAVPAVQVPASMDKPQARRRVKKPVGLTGVNRKTASASVSKLITEALSVSQERAGMSLTALKKALSAAGYDVEKNNSHIKLGLKGLVSKGILVQTRGIVASGSFKLSKKAVPELCKGKVKKPAAAKNRKLALSRDSKSPKNGKANKRAKKPRATVAQKAARNGRKAKRSKDKQREEPYKLKPCKQVVAKWIH,Cattle,9913,Protein sequence downloaded from ensembl transcript that is not in the current gene set
H1,H1.7,,VGNC:83616,H1-7,H1.7 linker histone,,,617351,ENSBTAG00000048712,A0A3Q1M3C8,HGNC:24893,XP_002687393.6,XP_002687393.6,GPAAAVLLAHTWVSEVQSQWPRGSGSGAMAEGVEPMDESQGTEVKTQQPTERGLAGPLRQSSCSVLKVSQLLLRAIASHKRLTLAALKKELGNAGYEVRRKCGRLSGERSGSEGKGLHLRVTGSEAAGYFRIWKIPKPKRKPGRPRLEEGGRSPGTPLGARNSRRRSARRTVARKVRRGRSRADSRKVRSRAKDLVSSRTKEEGRAKKEDIRPRSRNAKRPSSKAREEKKQDPGRPVKRTVQRPTAKTCDSRATRTKTSAEAEGARSATGSP,Cattle,9913,
H1,H1.8,,VGNC:83613,H1-8,H1.8 linker histone,,,527400,ENSBTAG00000001812,A0A3Q1M3J7|F1N2H1,HGNC:18463,NP_001030449.1,NP_001030449.1,MAPGSIASSDTSSSTSSSSTSSASSASAEGSSRPLGSEKPGLARGAVRAPRRHPPVLRMVLEALQAGERRRGTSVAAIKVYILQKYPTVDALRLNHLLKQALATGLHRGLLIRPVNSKAKGATGSFKLVPKDKRKIPPRKTAPRMPGQAEGKDPKKPSESKKDPANTVEVKKGSRKPREERAAPSKPGAAKKAPKKGTQTKDPEPRLGEAKKSSRRPDKAAQAPPSAGGPGGKSKVKERGSRQADTKAHRKTQPGSQSSKSTVTKGENGAPLAKKKMGGKVPKEAAGEGPKAKAPVPPKGAGSKKEPGPLAGKAEASKGPRKPGIPTKSSVSKAASKKAEAEG,Cattle,9913,
H1,H1.8,,VGNC:83613,H1-8,H1.8 linker histone,,,527400,ENSBTAG00000001812,A0A3Q1M3J7|F1N2H1,HGNC:18463,NP_001030449.1,NP_001030449.1,MAPGSIASSDTSSSTSSSSTSSASSASAEGSSRPLGSEKPGLARGAVRAPRRHPPVLRMVLEALQAGERRRGTSVAAIKVYILQKYPTVDALRLNHLLKQALATGLHRGLLIRPVNSKAKGATGSFKLVPKDKRKIPPRKTAPRMPGQAEGKDPKKPSESKKDPANTVEVKKGSRKPREERAAPSKPGAAKKAPKKGTQTKDPEPRLGEAKKSSRRPDKAAQAPPSAGGPGGKSKVKERGSRQADTKAHRKTQPGSQSSKSTVTKGENGAPLAKKKMGGKVPKEAAGEGPKAKAPVPPKGAGSKKEPGPLAGKAEASKGPRKPGIPTKSSVSKAASKKAEAEG,Cattle,9913,
H1,H1.8,,VGNC:83613,H1-8,H1.8 linker histone,,,527400,ENSBTAG00000001812,A0A3Q1M3J7|F1N2H1,HGNC:18463,XP_059735682.1,XP_059735682.1,MPCGTRHSGGLARGAVRAPRRHPPVLRMVLEALQAGERRRGTSVAAIKVYILQKYPTVDALRLNHLLKQALATGLHRGLLIRPVNSKAKGATGSFKLVPKDKRKIPPRKTAPRMPCQAEGKDPKKPSESKKDPANTVEVKKGSRKPREERAAPSKPGAAKKAPKKGTQTKDPEPRLGEAKKSSRRPDKAAQAPPSAGGPGGKSKVKERGSRQDTKAHRKTQPGSQSSKSTVTKGENGAPLAKKKMGGKVPKEAAGEGPKAKAPVPPKGAGSKKEPGPLAGKAEASKGPRKPGIPTKSSVSKAASKKAEAEG,Cattle,9913,
H1,H1.8,,VGNC:83613,H1-8,H1.8 linker histone,,,527400,ENSBTAG00000001812,A0A3Q1M3J7|F1N2H1,HGNC:18463,XP_059735682.1,XP_059735682.1,MPCGTRHSGGLARGAVRAPRRHPPVLRMVLEALQAGERRRGTSVAAIKVYILQKYPTVDALRLNHLLKQALATGLHRGLLIRPVNSKAKGATGSFKLVPKDKRKIPPRKTAPRMPCQAEGKDPKKPSESKKDPANTVEVKKGSRKPREERAAPSKPGAAKKAPKKGTQTKDPEPRLGEAKKSSRRPDKAAQAPPSAGGPGGKSKVKERGSRQDTKAHRKTQPGSQSSKSTVTKGENGAPLAKKKMGGKVPKEAAGEGPKAKAPVPPKGAGSKKEPGPLAGKAEASKGPRKPGIPTKSSVSKAASKKAEAEG,Cattle,9913,
H1,H1.8,,VGNC:83613,H1-8,H1.8 linker histone,,,527400,ENSBTAG00000001812,A0A3Q1M3J7|F1N2H1,HGNC:18463,XP_059735681.1,XP_059735681.1,MPCGTRHSGGLARGAVRAPRRHPPVLRMVLEALQAGERRRGTSVAAIKVYILQKYPTVDALRLNHLLKQALATGLHRGLLIRPVNSKAKGATGSFKLVPKDKRKIPPRKTAPRMPCQAEGKDPKKPSESKKDPANTVEVKKGSRKPREERAAPSKPGAAKKAPKKGTQTKDPEPRLGEAKKSSRRPDKAAQAPPSAGGPGGKSKVKERGSRQADTKAHRKTQPGSQSSKSTVTKGENGAPLAKKKMGGKVPKEAAGEGPKAKAPVPPKGAGSKKEPGPLAGKAEASKGPRKPGIPTKSSVSKAASKKAEAEG,Cattle,9913,
H1,H1.8,,VGNC:83613,H1-8,H1.8 linker histone,,,527400,ENSBTAG00000001812,A0A3Q1M3J7|F1N2H1,HGNC:18463,XP_059735681.1,XP_059735681.1,MPCGTRHSGGLARGAVRAPRRHPPVLRMVLEALQAGERRRGTSVAAIKVYILQKYPTVDALRLNHLLKQALATGLHRGLLIRPVNSKAKGATGSFKLVPKDKRKIPPRKTAPRMPCQAEGKDPKKPSESKKDPANTVEVKKGSRKPREERAAPSKPGAAKKAPKKGTQTKDPEPRLGEAKKSSRRPDKAAQAPPSAGGPGGKSKVKERGSRQADTKAHRKTQPGSQSSKSTVTKGENGAPLAKKKMGGKVPKEAAGEGPKAKAPVPPKGAGSKKEPGPLAGKAEASKGPRKPGIPTKSSVSKAASKKAEAEG,Cattle,9913,
H1,H1.8,,VGNC:83613,H1-8,H1.8 linker histone,,,527400,ENSBTAG00000001812,A0A3Q1M3J7|F1N2H1,HGNC:18463,XP_024838514.1,XP_024838514.1,MVLEALQAGERRRGTSVAAIKVYILQKYPTVDALRLNHLLKQALATGLHRGLLIRPVNSKAKGATGSFKLVPKDKRKIPPRKTAPRMPCQAEGKDPKKPSESKKDPANTVEVKKGSRKPREERAAPSKPGAAKKAPKKGTQTKDPEPRLGEAKKSSRRPDKAAQAPPSAGGPGGKSKVKERGSRQADTKAHRKTQPGSQSSKSTVTKGENGAPLAKKKMGGKVPKEAAGEGPKAKAPVPPKGAGSKKEPGPLAGKAEASKGPRKPGIPTKSSVSKAASKKAEAEG,Cattle,9913,
H1,H1.8,,VGNC:83613,H1-8,H1.8 linker histone,,,527400,ENSBTAG00000001812,A0A3Q1M3J7|F1N2H1,HGNC:18463,XP_024838514.1,XP_024838514.1,MVLEALQAGERRRGTSVAAIKVYILQKYPTVDALRLNHLLKQALATGLHRGLLIRPVNSKAKGATGSFKLVPKDKRKIPPRKTAPRMPCQAEGKDPKKPSESKKDPANTVEVKKGSRKPREERAAPSKPGAAKKAPKKGTQTKDPEPRLGEAKKSSRRPDKAAQAPPSAGGPGGKSKVKERGSRQADTKAHRKTQPGSQSSKSTVTKGENGAPLAKKKMGGKVPKEAAGEGPKAKAPVPPKGAGSKKEPGPLAGKAEASKGPRKPGIPTKSSVSKAASKKAEAEG,Cattle,9913,
H1,TS_H1.9,,VGNC:95388,H1-9,H1.9 linker histone,,,615867,ENSBTAG00000043979,F1MMF6,HGNC:30616,NP_001290338.1,NP_001290338.1,MQKDTSLPPPSGPLASNTALGAGRQASSSGLPGKSETRRRTSPNSRRKPSISKVILGFVADKGAGNRVSLAALKKAVATRGYNMTRNAWRFKRVLQGLVDKGMLKQVTGKGATGSFLMGKNHASKFKLKAKRRRQRRQRQRGQRRPVQRQLLVGSKPGHKRPIKGVRRAAKCRRS,Cattle,9913,
H2A,H2A.B,,VGNC:95387,H2AB1,H2A.B variant histone 1,,,104970512,,,HGNC:22516,XP_024844327.1,XP_024844327.1,MRGQSMVARIRSRGLRVPFVLRGWDQLTHPAASHFTASHPDTYHSTTPHPTASQSEASEKAGSKVSMPSKRGRXRSSGLHSHTARAELSFSVSHMERLLWEGHYAQRLSSSAPIFLAAIMXHLTAKVLELAGNEAQNSGQRRITPELVDTTVHHNVLLSSSFGMTTISLVALAWH,Cattle,9913,
H2A,H2A.B,,VGNC:83621,H2AB2,H2A.B variant histone 2,,,788364,,,HGNC:18298,,,,Cattle,9913,
,,,VGNC:83622,H2AB3P,"H2A.B variant histone 3, pseudogene",,,100300292,,,HGNC:14455,,,,Cattle,9913,
H2A,clustered H2A,isoform_1,VGNC:83545,H2AC1,H2A clustered histone 1,,,787441,ENSBTAG00000046992,G3MXQ3,HGNC:18729,XP_015315478.1,XP_015315478.1,MYVNEAIRLSFADWLDGHQPIRKQSTTYRQAINRSSKFSLFLYALSPAFCKVMLGHKKQDGKAHAKTKSRSSRAGLHFPVGRIYRLPHKGNCAERVGAGEPVYLAAVLEYLMAEILESADNASHDKKKTRIIPCHLQLAIHNEELNKLLGGVTIQGCVLPKIQPVLLPKKTGSHHHKVQSK,Cattle,9913,
H2A,clustered H2A,isoform_5,VGNC:83576,H2AC10,H2A clustered histone 10,,,618824,ENSBTAG00000052895,A0A3Q1MDK7,HGNC:4732,XP_002697551.1,XP_002697551.1,MSGRGKQGGKARAKAKTRSSRAGLQFPVGRVHRLLRKGNYAERVGAGAPVYLAAVLEYLTAEILELAGNAARDNKKTRIIPRHLQLAIRNDEELNKLLGKVTIAQGGVLPNIQAVLLPKKTESHHKAKGK,Cattle,9913,
H2A,clustered H2A,isoform_5,VGNC:83577,H2AC11,H2A clustered histone 11,,,616611,ENSBTAG00000048599,,HGNC:4737,XP_059736715.1,XP_059736715.1,MSGRGKQGGKARAKAKTRSSRAGLQFPVGRVHRLLRKGNYAERVGAGAPVYLAAVLEYLTAEILELAGNAARDNKKTRIIPRHLQLAIRNDEELNKLLGKVTIAQGGVLPNIQAVLLPKKTESHHKAKGK,Cattle,9913,
H2A,clustered H2A,isoform_7,VGNC:83580,H2AC12,H2A clustered histone 12,,,616634,ENSBTAG00000054548,A0A3Q1MF62,HGNC:13671,XP_010816805.1,XP_010816805.1,MSGRGKQGGKARAKAKTRSSRAGLQFPVGRVHRLLRKGNYAERVGAGAPVYLAAVLEYLTAEILELAGNAARDNKKTRIIPRHLQLAIRNDEELNKLLGKVTIAQGGVLPNIQAVLLPKKTESHHKAK,Cattle,9913,
H2A,clustered H2A,isoform_6,VGNC:109559,H2AC13,H2A clustered histone 13,,,783767,ENSBTAG00000046373,,HGNC:4725,XP_010816748.1,XP_010816748.1,MSGRGKQGGKARAKAKTRSSRAGLQFPVGRVHRLLRKGNYAERVGAGAPVYLAAVLEYLTAEILELAGNAARDNKKTRIIPRHLQLAIRNDEELNKLLGKVTIAQGGVLPNIQAVLLPKKTESHHKTK,Cattle,9913,
H2A,clustered H2A,isoform_5,VGNC:83584,H2AC14,H2A clustered histone 14,,,616790,ENSBTAG00000051969,,HGNC:4727,NP_001092190.1,NP_001092190.1,MSGRGKQGGKARAKAKTRSSRAGLQFPVGRVHRLLRKGNYAERVGAGAPVYLAAVLEYLTAEILELAGNAARDNKKTRIIPRHLQLAIRNDEELNKLLGKVTIAQGGVLPNIQAVLLPKKTESHHKAKGK,Cattle,9913,
H2A,clustered H2A,isoform_8,VGNC:83586,H2AC15,H2A clustered histone 15,,,614970,ENSBTAG00000053621,A0A3Q1N7K2,HGNC:4726,XP_003587761.1,XP_003587761.1,MSGRGKQGGKARAKAKTRSSRAGLQFPVGRVHRLLRKGNYSERVGAGAPVYLAAVLEYLTAEILELAGNAARDNKKTRIIPRHLQLAIRNDEELNKLLGKVTIAQGGVLPNIQAVLLPKKTESHHKAKGK,Cattle,9913,
H2A,clustered H2A,isoform_5,VGNC:83590,H2AC16,H2A clustered histone 16,,,529277,,,HGNC:4730,XP_005223785.1,XP_005223785.1,MSGRGKQGGKARAKAKTRSSRAGLQFPVGRVHRLLRKGNYAERVGAGAPVYLAAVLEYLTAEILELAGNAARDNKKTRIIPRHLQLAIRNDEELNKLLGKVTIAQGGVLPNIQAVLLPKKTESHHKAKGK,Cattle,9913,
H2A,clustered H2A,isoform_5,VGNC:109562,H2AC17,H2A clustered histone 17,,,104968446,,,HGNC:4735,XP_010816763.1,XP_010816763.1,MSGRGKQGGKARAKAKTRSSRAGLQFPVGRVHRLLRKGNYAERVGAGAPVYLAAVLEYLTAEILELAGNAARDNKKTRIIPRHLQLAIRNDEELNKLLGKVTIAQGGVLPNIQAVLLPKKTESHHKAKGK,Cattle,9913,
H2A,clustered H2A,isoform_9,VGNC:83599,H2AC18,H2A clustered histone 18,,,541108,ENSBTAG00000038476,E1BH22,HGNC:4736,XP_002686102.1,XP_002686102.1,MSGRGKQGGKARAKAKSRSSRAGLQFPVGRVHRLLRKGNYAERVGAGAPVYMAAVLEYLTAEILELAGNAARDNKKTRIIPRHLQLAIRNDEELNKLLGKVTIAQGGVLPNIQAVLLPKKTESHHKAKGK,Cattle,9913,
H2A,clustered H2A,isoform_9,VGNC:83602,H2AC19,H2A clustered histone 19,,,100297758,ENSBTAG00000046003,A0A096LNF2,HGNC:29668,XP_002686100.1,XP_002686100.1,MSGRGKQGGKARAKAKSRSSRAGLQFPVGRVHRLLRKGNYAERVGAGAPVYMAAVLEYLTAEILELAGNAARDNKKTRIIPRHLQLAIRNDEELNKLLGKVTIAQGGVLPNIQAVLLPKKTESHHKAKGK,Cattle,9913,
H2A,clustered H2A,isoform_10,VGNC:83605,H2AC20,H2A clustered histone 20,,,513666,ENSBTAG00000040098,F1MRN2,HGNC:4738,NP_001075189.1,NP_001075189.1,MSGRGKQGGKARAKAKSRSSRAGLQFPVGRVHRLLRKGNYAERVGAGAPVYMAAVLEYLTAEILELAGNAARDNKKTRIIPRHLQLAIRNDEELNKLLGKVTIAQGGVLPNIQAVLLPKKTESHKAKSK,Cattle,9913,
H2A,clustered H2A,isoform_11,VGNC:83604,H2AC21,H2A clustered histone 21,,,614974,ENSBTAG00000032456,F2Z4I6,HGNC:20508,XP_002686098.1,XP_002686098.1,MSGRGKQGGKARAKAKSRSSRAGLQFPVGRVHRLLRKGNYAERVGAGAPVYLAAVLEYLTAEILELAGNAARDNKKTRIIPRHLQLAVRNDEELNKLLGGVTIAQGGVLPNIQAVLLPKKTESHKPGKNK,Cattle,9913,
H2A,clustered H2A,isoform_12,VGNC:83612,H2AC25,H2A clustered histone 25,H2AW,H2A.W histone,538911,ENSBTAG00000037964,A4IFU5,HGNC:20507,NP_001091566.1,NP_001091566.1,MSGRGKQGGKARAKAKSRSSRAGLQFPVGRVHRLLRKGNYSERVGAGAPVYLAAVLEYLTAEILELAGNAARDNKKTRIIPRHLQLAIRNDEELNKLLGRVTIAQGGVLPNIQAVLLPKKTESHHKAKGK,Cattle,9913,
H2A,,,VGNC:83544,H2AC2P,"H2A clustered histone 2, pseudogene",,,112443841,,,HGNC:18720,,,,Cattle,9913,
H2A,clustered H2A,isoform_2,VGNC:83550,H2AC4,H2A clustered histone 4,,,104975684,ENSBTAG00000050614,F2Z4G5,HGNC:4734,XP_010816817.1,XP_010816817.1,MSGRGKQGGKARAKAKTRSSRAGLQFPVGRVHRLLRKGNYSERVGAGAPVYLAAVLEYLTAEILELAGNAARDNKKTRIIPRHLQLAIRNDEELNKLLGRVTIAQGGVLPNIQAVLLPKKTESHHKAKGK,Cattle,9913,
H2A,,,VGNC:83554,H2AC5P,"H2A clustered histone 5, pseudogene",,,104968510,ENSBTAG00000007286,,HGNC:4728,,,,Cattle,9913,
H2A,clustered H2A,isoform_4,VGNC:83561,H2AC6,H2A clustered histone 6,,,506900,ENSBTAG00000039657,F2Z4J1,HGNC:4733,NP_001192525.1,NP_001192525.1,MSGRGKQGGKARAKAKSRSSRAGLQFPVGRVHRLLRKGNYAERVGAGAPVYLAAVLEYLTAEILELAGNAARDNKKTRIIPRHLQLAIRNDEELNKLLGRVTIAQGGVLPNIQAVLLPKKTESHHKAKGK,Cattle,9913,
H2A,clustered H2A,isoform_4,VGNC:83561,H2AC6,H2A clustered histone 6,,,506900,ENSBTAG00000039657,F2Z4J1,HGNC:4733,NP_001341951.1,NP_001341951.1,MSGRGKQGGKARAKAKSRSSRAGLQFPVGRVHRLLRKGNYAERVGAGAPVYLAAVLEYLTAEILELAGNAARDNKKTRIIPRHLQLAIRNDEELNKLLGRVTIAQGGVLPNIQAVLLPKKTESHHKAKGK,Cattle,9913,
H2A,clustered H2A,isoform_5,VGNC:83565,H2AC7,H2A clustered histone 7,,,104975683,ENSBTAG00000053792,,HGNC:4729,XP_010816815.1,XP_010816815.1,MSGRGKQGGKARAKAKTRSSRAGLQFPVGRVHRLLRKGNYAERVGAGAPVYLAAVLEYLTAEILELAGNAARDNKKTRIIPRHLQLAIRNDEELNKLLGKVTIAQGGVLPNIQAVLLPKKTESHHKAKGK,Cattle,9913,
H2A,clustered H2A,isoform_3,VGNC:83570,H2AC8,H2A clustered histone 8,,,524808,ENSBTAG00000048743,A0A0A0MP90,HGNC:4724,XP_015315464.1,XP_015315464.1,MSGRGKQGGKTRAKAKTRSSRAGLQFPVGRVHRLLRKGNYSERVGAGAPVYLAAVLEYLTAEILELAGNAARDNKKTRIIPRHLQLAIRNDEELNKLLGRVTIAQGGVLPNIQAVLLPKKTESHHKAKGK,Cattle,9913,
H2A,H2A.J,,VGNC:83623,H2AJ,H2A.J histone,,,618489,ENSBTAG00000030503,Q3ZBX9,HGNC:14456,NP_001071557.1,NP_001071557.1,MSGRGKQGGKVRAKAKSRSSRAGLQFPVGRVHRLLRKGNYAERVGAGAPVYLAAVLEYLTAEILELAGNAARDNKKTRIIPRHLQLAIRNDEELNKLLGKVTIAQGGVLPNIQAVLLPKKTESQKTKSK,Cattle,9913,
H2A,H2A.L,,VGNC:109560,H2AL1Q,H2A.L variant histone 1Q,,,523631,ENSBTAG00000049451,,HGNC:53959,NP_001071426.1,NP_001071426.1,MSPGRHLWNCRRSRRRSLSRSTRAELQFPVSRVDRLLREGQFANRLSSATPVFLTGILEYLIANILDLAGKEACTNHRVRISPEHVQTALVNNENLRCLFQPGAFSQPAASPPAPEN,Cattle,9913,
H2A,H2A.L,,VGNC:109561,H2AL3,H2A.L variant histone 3,,,617633,ENSBTAG00000052113,,HGNC:53960,XP_003588236.1,XP_003588236.1,MSPRRHLWNCRRSRRHSLSRSTRAELQFPVSRVDRLLREGQGAYRLSSATPVFLTAVLEYLIANILDLAGKEACTNHRVRISPEHVQTALINNENLRRLFQPGAFSQPTASPHLPEN,Cattle,9913,
H2A,H2A.X,,VGNC:83617,H2AX,H2A.X variant histone,,,531733,ENSBTAG00000038047,,HGNC:4739,NP_001073248.1,NP_001073248.1,MSGRGKTGGKARAKAKSRSSRAGLQFPVGRVHRLLRKGHYAERVGAGAPVYLAAVLEYLTAEILELAGNAARDNKKTRIIPRHLQLAIRNDEELNKLLGGVTIAQGGVLPNIQAVLLPKKTSATVGPKAPAGGKKATQASQEY,Cattle,9913,
H2A,H2A.Z.1,,VGNC:83610,H2AZ1,H2A.Z variant histone 1,,,287016,ENSBTAG00000004428,P0C0S4,HGNC:4741,NP_777234.1,NP_777234.1,MAGGKAGKDSGKAKTKAVSRSQRAGLQFPVGRIHRHLKSRTTSHGRVGATAAVYSAAILEYLTAEVLELAGNASKDLKVKRITPRHLQLAIRGDEELDSLIKATIAGGGVIPHIHKSLIGKKGQQKTV,Cattle,9913,
H2A,H2A.Z.1,,VGNC:83610,H2AZ1,H2A.Z variant histone 1,,,287016,ENSBTAG00000004428,P0C0S4,HGNC:4741,NP_777234.1,NP_777234.1,MAGGKAGKDSGKAKTKAVSRSQRAGLQFPVGRIHRHLKSRTTSHGRVGATAAVYSAAILEYLTAEVLELAGNASKDLKVKRITPRHLQLAIRGDEELDSLIKATIAGGGVIPHIHKSLIGKKGQQKTV,Cattle,9913,
H2A,H2A.Z.2,,VGNC:83607,H2AZ2,H2A.Z variant histone 2,,,613618,ENSBTAG00000016975,A0A3Q1N0B0|Q32LA7,HGNC:20664,NP_001033286.1,NP_001033286.1,MAGGKAGKDSGKAKAKAVSRSQRAGLQFPVGRIHRHLKTRTTSHGRVGATAAVYSAAILEYLTAEVLELAGNASKDLKVKRITPRHLQLAIRGDEELDSLIKATIAGGGVIPHIHKSLIGKKGQQKTA,Cattle,9913,
H2A,H2A.Z.2,,VGNC:83607,H2AZ2,H2A.Z variant histone 2,,,613618,ENSBTAG00000016975,A0A3Q1N0B0|Q32LA7,HGNC:20664,NP_001033286.1,NP_001033286.1,MAGGKAGKDSGKAKAKAVSRSQRAGLQFPVGRIHRHLKTRTTSHGRVGATAAVYSAAILEYLTAEVLELAGNASKDLKVKRITPRHLQLAIRGDEELDSLIKATIAGGGVIPHIHKSLIGKKGQQKTA,Cattle,9913,
H2A,H2A.Z.2,,VGNC:83607,H2AZ2,H2A.Z variant histone 2,,,613618,ENSBTAG00000016975,A0A3Q1N0B0|Q32LA7,HGNC:20664,NP_001033286.1,NP_001033286.1,MAGGKAGKDSGKAKAKAVSRSQRAGLQFPVGRIHRHLKTRTTSHGRVGATAAVYSAAILEYLTAEVLELAGNASKDLKVKRITPRHLQLAIRGDEELDSLIKATIAGGGVIPHIHKSLIGKKGQQKTA,Cattle,9913,
H2A,H2A.Z.2,,VGNC:83607,H2AZ2,H2A.Z variant histone 2,,,613618,ENSBTAG00000016975,A0A3Q1N0B0|Q32LA7,HGNC:20664,NP_001033286.1,NP_001033286.1,MAGGKAGKDSGKAKAKAVSRSQRAGLQFPVGRIHRHLKTRTTSHGRVGATAAVYSAAILEYLTAEVLELAGNASKDLKVKRITPRHLQLAIRGDEELDSLIKATIAGGGVIPHIHKSLIGKKGQQKTA,Cattle,9913,
H2A,H2A.Z.2,,VGNC:83607,H2AZ2,H2A.Z variant histone 2,,,613618,ENSBTAG00000016975,A0A3Q1N0B0|Q32LA7,HGNC:20664,NP_001033286.1,NP_001033286.1,MAGGKAGKDSGKAKAKAVSRSQRAGLQFPVGRIHRHLKTRTTSHGRVGATAAVYSAAILEYLTAEVLELAGNASKDLKVKRITPRHLQLAIRGDEELDSLIKATIAGGGVIPHIHKSLIGKKGQQKTA,Cattle,9913,
H2B,clustered H2B,isoform_1,VGNC:83546,H2BC1,H2B clustered histone 1,,,100335534,ENSBTAG00000050285,,HGNC:18730,XP_024839799.1,XP_024839799.1,MPINTTLSTHKTSLIIRHVELLFLLRAVHTIKGCLNSEELLTLRRTDNTEELLTLAMPELYSKGATISKKGFKKAVIKTQKKEGKKRRRCRKESYSIYIYKVLKQVHPDTGISSKAMSIMNSFVTDIFERIAGEASRLAHYNKRSTITSREIQTAVRLLLPGELAKHAVSEGTKAVTKYTSSK,Cattle,9913,
H2B,clustered H2B,isoform_3,VGNC:83574,H2BC10,H2B clustered histone 10,,,529646,,,HGNC:4756,,,,Cattle,9913,
H2B,clustered H2B,isoform_5,VGNC:83578,H2BC11,H2B clustered histone 11,,,522960,ENSBTAG00000054812,G8JL06,HGNC:4761,XP_059736718.1,XP_059736718.1,MPEPAKSAPAPKKGSKKAVTKAQKKDGKKRKRGRKESYSIYVYKVLKQVHPDTGISSKAMGIMNSFVNDIFERIAGEASRLAHYNKRSTITSREIQTAVRLLLPGELAKHAVSEGTKAVTKYTSAK,Cattle,9913,
H2B,clustered H2B,isoform_6,VGNC:83582,H2BC12,H2B clustered histone 12,,,616627,ENSBTAG00000038173,F2Z4F9,HGNC:13954,NP_001071531.1,NP_001071531.1,MPEPAKSAPAPKKGSKKAVTKAQKIDGKKRKRSRKESYSVYVYKVLKQVHPDTGISSKAMGIMNSFVNDIFERIAGEASRLAHYNKRSTITSREIQTAVRLLLPGELAKHAVSEGTKAVTKYTSAK,Cattle,9913,
H2B,clustered H2B,isoform_3,VGNC:83581,H2BC13,H2B clustered histone 13,,,100295221,ENSBTAG00000052713,,HGNC:4748,XP_024839708.1,XP_024839708.1,MPEPAKSAPAPKKGSKKAVTKAQKKDGKKRKRSRKESYSVYVYKVLKQVHPDTGISSKAMGIMNSFVNDIFERIAGEASRLAHYNKRSTITSREIQTAVRLLLPGELAKHAVSEGTKAVTKYTSSK,Cattle,9913,
H2B,clustered H2B,isoform_3,VGNC:83583,H2BC14,H2B clustered histone 14,,,616868,ENSBTAG00000050532,A0A3Q1M4L6,HGNC:4750,XP_024839707.1,XP_024839707.1,MPEPAKSAPAPKKGSKKAVTKAQKKDGKKRKRSRKESYSVYVYKVLKQVHPDTGISSKAMGIMNSFVNDIFERIAGEASRLAHYNKRSTITSREIQTAVRLLLPGELAKHAVSEGTKAVTKYTSSK,Cattle,9913,
H2B,clustered H2B,isoform_7,VGNC:83587,H2BC15,H2B clustered histone 15,,,614958,ENSBTAG00000031886,F2Z4E8,HGNC:4749,NP_001075211.1,NP_001075211.1,MPEPSKSAPAPKKGSKKAVTKAQKKDGKKRKRSRKESYSVYVYKVLKQVHPDTGISSKAMGNMNSFVNDIFERIAGEASRLAHYNKRSTITSREIQTAVRLLLPGELAKHAVSEGTKAVTKYTSSK,Cattle,9913,
H2B,clustered H2B,isoform_3,VGNC:83589,H2BC16,H2B clustered histone 16,,,104975676,,,HGNC:4754,XP_059736717.1,XP_059736717.1,MPEPAKSAPAPKKGSKKAVTKAQKKDGKKRKRSRKESYSVYVYKVLKQVHPDTGISSKAMGIMNSFVNDIFERIAGEASRLAHYNKRSTITSREIQTAVRLLLPGELAKHAVSEGTKAVTKYTSSK,Cattle,9913,
H2B,clustered H2B,isoform_3,VGNC:83592,H2BC17,H2B clustered histone 17,,,616776,,,HGNC:4758,XP_015315427.1,XP_015315427.1,MPEPAKSAPAPKKGSKKAVTKAQKKDGKKRKRSRKESYSVYVYKVLKQVHPDTGISSKAMGIMNSFVNDIFERIAGEASRLAHYNKRSTITSREIQTAVRLLLPGELAKHAVSEGTKAVTKYTSSK,Cattle,9913,
H2B,clustered H2B,isoform_8,VGNC:83596,H2BC18,H2B clustered histone 18,,,615091,ENSBTAG00000032455,A0A452DJK3,HGNC:24700,XP_010801389.1,XP_010801389.1,MPDPAKSAPAPKKGSKKAVTKVQKKDGKKRKRSRKESYSVYVYKVLKQVHPDTGISSKAMGIMNSFVNDIFERIAGEASRLAHYNKRSTITSREIQTAVRLLLPGELAKHAVSEGTKAVTKYTSSK,Cattle,9913,
H2B,clustered H2B,isoform_3,VGNC:83598,H2BC19,H2B clustered histone 19,,,615043,,,HGNC:20517,NP_001032546.1,NP_001032546.1,MPEPAKSAPAPKKGSKKAVTKAQKKDGKKRKRSRKESYSVYVYKVLKQVHPDTGISSKAMGIMNSFVNDIFERIAGEASRLAHYNKRSTITSREIQTAVRLLLPGELAKHAVSEGTKAVTKYTSSK,Cattle,9913,
H2B,clustered H2B,isoform_3,VGNC:83603,H2BC20,H2B clustered histone 20,,,506306,,,HGNC:20516,XP_024845743.1,XP_024845743.1,MPEPAKSAPAPKKGSKKAVTKAQKKDGKKRKRSRKESYSVYVYKVLKQVHPDTGISSKAMGIMNSFVNDIFERIAGEASRLAHYNKRSTITSREIQTAVRLLLPGELAKHAVSEGTKAVTKYTSSK,Cattle,9913,
H2B,clustered H2B,isoform_9,VGNC:83601,H2BC21,H2B clustered histone 21,,,537985,ENSBTAG00000038025,,HGNC:4760,NP_001092854.1,NP_001092854.1,MPEPAKSAPAPKKGSKKAVTKAQKKDGKKRKRSRKESYSIYVYKVLKQVHPDTGISSKAMGIMNSFVNDIFERIAGEASRLAHYNKRSTITSREIQTAVRLLLPGELAKHAVSEGTKAVTKYTSSK,Cattle,9913,
H2B,clustered H2B,isoform_14,VGNC:83620,H2BC26,H2B clustered histone 26,H2BU1,H2B.U histone 1,520120,ENSBTAG00000053467,E1B8G9,HGNC:20514,XP_002688534.1,XP_002688534.1,MPDPSKSAPAPKKGSKKAVTKAQKKDGKKRKRSRKESYSIYVYKVLKQVHPDTGISSKAMGIMNSFVNDIFERIASEASRLAHYNKRSTITSREVQTAVRLLLPGELAKHAVSEGTKAVTKYTSSK,Cattle,9913,
H2B,,,VGNC:97173,H2BC2P,"H2B clustered histone 2, pseudogene",,,618216,ENSBTAG00000052046,,HGNC:18719,,,,Cattle,9913,
H2B,clustered H2B,isoform_2,VGNC:83555,H2BC3,H2B clustered histone 3,,,525512,ENSBTAG00000048567,A0A3Q1MEU7,HGNC:4751,XP_002697571.1,XP_002697571.1,MPEPSKSAPAPKKGSKKAITKAQKKDGKKRKRSRKESYSIYVYKVLKQVHPDTGISSKAMGIMNSFVNDIFERIASEASRLAHYNKRSTITSREIQTAVRLLLPGELAKHAVSEGTKAVTKYTSSK,Cattle,9913,
H2B,clustered H2B,isoform_3,VGNC:83556,H2BC4,H2B clustered histone 4,,,787269,ENSBTAG00000052382,,HGNC:4757,XP_059736716.1,XP_059736716.1,MPEPAKSAPAPKKGSKKAVTKAQKKDGKKRKRSRKESYSVYVYKVLKQVHPDTGISSKAMGIMNSFVNDIFERIAGEASRLAHYNKRSTITSREIQTAVRLLLPGELAKHAVSEGTKAVTKYTSSK,Cattle,9913,
H2B,clustered H2B,isoform_4,VGNC:83560,H2BC5,H2B clustered histone 5,,,519935,ENSBTAG00000031778,Q2KII5,HGNC:4747,XP_005223819.1,XP_005223819.1,MPEPTKSAPAPKKGSKKAVTKAQKKDGKKRKRSRKESYSVYVYKVLKQVHPDTGISSKAMGIMNSFVNDIFERIAGEASRLAHYNKRSTITSREIQTAVRLLLPGELAKHAVSEGTKAVTKYTSSK,Cattle,9913,
H2B,clustered H2B,isoform_4,VGNC:83560,H2BC5,H2B clustered histone 5,,,519935,ENSBTAG00000031778,Q2KII5,HGNC:4747,NP_001039711.1,NP_001039711.1,MPEPTKSAPAPKKGSKKAVTKAQKKDGKKRKRSRKESYSVYVYKVLKQVHPDTGISSKAMGIMNSFVNDIFERIAGEASRLAHYNKRSTITSREIQTAVRLLLPGELAKHAVSEGTKAVTKYTSSK,Cattle,9913,
H2B,clustered H2B,isoform_3,VGNC:83564,H2BC6,H2B clustered histone 6,,,787465,ENSBTAG00000031776,,HGNC:4753,XP_010816816.1,XP_010816816.1,MPEPAKSAPAPKKGSKKAVTKAQKKDGKKRKRSRKESYSVYVYKVLKQVHPDTGISSKAMGIMNSFVNDIFERIAGEASRLAHYNKRSTITSREIQTAVRLLLPGELAKHAVSEGTKAVTKYTSSK,Cattle,9913,
H2B,clustered H2B,isoform_3,VGNC:83566,H2BC7,H2B clustered histone 7,,,505183,ENSBTAG00000049598,,HGNC:4752,XP_002697561.1,XP_002697561.1,MPEPAKSAPAPKKGSKKAVTKAQKKDGKKRKRSRKESYSVYVYKVLKQVHPDTGISSKAMGIMNSFVNDIFERIAGEASRLAHYNKRSTITSREIQTAVRLLLPGELAKHAVSEGTKAVTKYTSSK,Cattle,9913,
H2B,clustered H2B,isoform_3,VGNC:83569,H2BC8,H2B clustered histone 8,,,787581,ENSBTAG00000031769,A6QQ28,HGNC:4746,NP_001099113.1,NP_001099113.1,MPEPAKSAPAPKKGSKKAVTKAQKKDGKKRKRSRKESYSVYVYKVLKQVHPDTGISSKAMGIMNSFVNDIFERIAGEASRLAHYNKRSTITSREIQTAVRLLLPGELAKHAVSEGTKAVTKYTSSK,Cattle,9913,
H2B,clustered H2B,isoform_3,VGNC:83571,H2BC9,H2B clustered histone 9,,,104968456,,,HGNC:4755,XP_002697553.1,XP_002697553.1,MPEPAKSAPAPKKGSKKAVTKAQKKDGKKRKRSRKESYSVYVYKVLKQVHPDTGISSKAMGIMNSFVNDIFERIAGEASRLAHYNKRSTITSREIQTAVRLLLPGELAKHAVSEGTKAVTKYTSSK,Cattle,9913,
H2B,H2B.K,,VGNC:83624,H2BK1,H2B.K variant histone 1,H2BE1,H2B.E variant histone 1,101904455,ENSBTAG00000024204,F1N5F3,HGNC:54199,XP_024846715.1,XP_024846715.1,MSAEHGQLQQSGGRRGRSPGDKKSRRRSRRKETYSMYIYKVLKQVHPDIGISSKAMSIMNSFVNDLFERLAGEAARLAQYSGRTTLTSREVQTAVRLLLPGELAKHAVSEGTKAVTKYTSSK,Cattle,9913,
H2B,H2B.L,,VGNC:84128,H2BL1,H2B.L histone variant 1,,,404073,ENSBTAG00000012775,Q8WNR4,HGNC:54442,NP_991343.1,NP_991343.1,MARNVTKRNKRCRGHQKAIYKKKSHSSSESGLRNYSLYINRVLKEVVPQKGISSRTIDIINTMINDMFERISTEACNLMYYRKRCTLTPEDIEKAVYLLLPEKLAKYAVAFGKEAVQRYVRS,Cattle,9913,
H3,H3.3,,VGNC:83611,H3-3A,H3.3 histone A,,,326601,ENSBTAG00000024561,,HGNC:4764,NP_001014411.1,NP_001014411.1,MARTKQTARKSTGGKAPRKQLATKAARKSAPSTGGVKKPHRYRPGTVALREIRRYQKSTELLIRKLPFQRLVREIAQDFKTDLRFQSAAIGALQEASEAYLVGLFEDTNLCAIHAKRVTIMPKDIQLARRIRGERA,Cattle,9913,
H3,H3.3,,VGNC:83606,H3-3B,H3.3 histone B,,,617051,ENSBTAG00000024909,,HGNC:4765,NP_001229500.1,NP_001229500.1,MARTKQTARKSTGGKAPRKQLATKAARKSAPSTGGVKKPHRYRPGTVALREIRRYQKSTELLIRKLPFQRLVREIAQDFKTDLRFQSAAIGALQEASEAYLVGLFEDTNLCAIHAKRVTIMPKDIQLARRIRGERA,Cattle,9913,
H3,H3.3,,VGNC:83615,H3-3D,H3.3 histone D,H3-5,H3.5 histone,539855,ENSBTAG00000011508,Q3SZB8,HGNC:33164,NP_001069659.1,NP_001069659.1,MARTKRTAYKSTGGKVPRKQLVIEAAGKSAPSTSGMTKPHRYRPGTVALREIRPYQKSTHFLIRKLPFQRLVREIAQDFKTDLKFQSAAIRTLQEASEAYLVVFLESKQHSNLARMYSQNKSFPWLEGKRRQPQPM,Cattle,9913,
H3,H3.4,,VGNC:83609,H3-4,"H3.4 histone, cluster member",,H3.4 histone,518318,ENSBTAG00000055153,G3MWX6,HGNC:4778,NP_001422241.1,NP_001422241.1,MARTKQTARKSTGGKAPRKQLATKVARKSAPATGGMKKPHRYRPGTVALREIRRFQKSTELLIRKLPFQRLVREIAQDFKSDLRFQSSAVMALQEACEAYLVGLFEDTNLCAIHAKRVTIMPKDIQLARRIRGERA,Cattle,9913,
H3,clustered H3.1,isoform_1,VGNC:83547,H3C1,H3 clustered histone 1,,,517139,ENSBTAG00000054582,,HGNC:4766,XP_024839706.1,XP_024839706.1,MARTKQTARKSTGGKAPRKQLATKAARKSAPATGGVKKPHRYRPGTVALREIRRYQKSTELLIRKLPFQRLVREIAQDFKTDLRFQSSAVMALQEACEAYLVGLFEDTNLCAIHAKRVTIMPKDIQLARRIRGERA,Cattle,9913,
H3,clustered H3.1,isoform_1,VGNC:83585,H3C10,H3 clustered histone 10,,,616819,,,HGNC:4775,XP_010816767.1,XP_010816767.1,MARTKQTARKSTGGKAPRKQLATKAARKSAPATGGVKKPHRYRPGTVALREIRRYQKSTELLIRKLPFQRLVREIAQDFKTDLRFQSSAVMALQEACEAYLVGLFEDTNLCAIHAKRVTIMPKDIQLARRIRGERA,Cattle,9913,
H3,clustered H3.1,isoform_1,VGNC:83594,H3C12,H3 clustered histone 12,,,616800,,,HGNC:4774,XP_002697506.1,XP_002697506.1,MARTKQTARKSTGGKAPRKQLATKAARKSAPATGGVKKPHRYRPGTVALREIRRYQKSTELLIRKLPFQRLVREIAQDFKTDLRFQSSAVMALQEACEAYLVGLFEDTNLCAIHAKRVTIMPKDIQLARRIRGERA,Cattle,9913,
H3,clustered H3.2,isoform_1,VGNC:83595,H3C13,H3 clustered histone 13,,,504599,ENSBTAG00000050881,P84227,HGNC:25311,NP_001160041.1,NP_001160041.1,MARTKQTARKSTGGKAPRKQLATKAARKSAPATGGVKKPHRYRPGTVALREIRRYQKSTELLIRKLPFQRLVREIAQDFKTDLRFQSSAVMALQEASEAYLVGLFEDTNLCAIHAKRVTIMPKDIQLARRIRGERA,Cattle,9913,
H3,clustered H3.2,isoform_1,VGNC:83600,H3C14,H3 clustered histone 14,,,788077,,,HGNC:20503,XP_015318510.1,XP_015318510.1,MARTKQTARKSTGGKAPRKQLATKAARKSAPATGGVKKPHRYRPGTVALREIRRYQKSTELLIRKLPFQRLVREIAQDFKTDLRFQSSAVMALQEASEAYLVGLFEDTNLCAIHAKRVTIMPKDIQLARRIRGERA,Cattle,9913,
H3,clustered H3.1,isoform_1,VGNC:83552,H3C2,H3 clustered histone 2,,,788250,ENSBTAG00000050209,,HGNC:4776,XP_059736714.1,XP_059736714.1,MARTKQTARKSTGGKAPRKQLATKAARKSAPATGGVKKPHRYRPGTVALREIRRYQKSTELLIRKLPFQRLVREIAQDFKTDLRFQSSAVMALQEACEAYLVGLFEDTNLCAIHAKRVTIMPKDIQLARRIRGERA,Cattle,9913,
H3,clustered H3.1,isoform_1,VGNC:83553,H3C3,H3 clustered histone 3,,,,ENSBTAG00000050477,,HGNC:4768,,,MARTKQTARKSTGGKAPRKQLATKAARKSAPATGGVKKPHRYRPGTVALREIRRYQKSTELLIRKLPFQRLVREIAQDFKTDLRFQSSAVMALQEACEAYLVGLFEDTNLCAIHAKRVTIMPKDIQLARRIRGERA,Cattle,9913,Protein sequence downloaded from ensembl transcript that is not in the current gene set
H3,clustered H3.1,isoform_1,VGNC:83567,H3C4,H3 clustered histone 4,,,,ENSBTAG00000050102,,HGNC:4767,,,MARTKQTARKSTGGKAPRKQLATKAARKSAPATGGVKKPHRYRPGTVALREIRRYQKSTELLIRKLPFQRLVREIAQDFKTDLRFQSSAVMALQEACEAYLVGLFEDTNLCAIHAKRVTIMPKDIQLARRIRGERA,Cattle,9913,Protein sequence downloaded from ensembl transcript that is not in the current gene set
H3,,,VGNC:83568,H3C5P,"H3 clustered histone 5, pseudogene",,,104968768,ENSBTAG00000031767,,HGNC:54427,,,,Cattle,9913,
H3,clustered H3.1,isoform_1,VGNC:84555,H3C6,H3 clustered histone 6,,,115945167,ENSBTAG00000048478,,HGNC:4769,NP_001361462.1,NP_001361462.1,MARTKQTARKSTGGKAPRKQLATKAARKSAPATGGVKKPHRYRPGTVALREIRRYQKSTELLIRKLPFQRLVREIAQDFKTDLRFQSSAVMALQEACEAYLVGLFEDTNLCAIHAKRVTIMPKDIQLARRIRGERA,Cattle,9913,
H3,clustered H3.1,isoform_1,VGNC:83572,H3C7,H3 clustered histone 7,,,,ENSBTAG00000048666,,HGNC:4773,,,MARTKQTARKSTGGKAPRKQLATKAARKSAPATGGVKKPHRYRPGTVALREIRRYQKSTELLIRKLPFQRLVREIAQDFKTDLRFQSSAVMALQEACEAYLVGLFEDTNLCAIHAKRVTIMPKDIQLARRIRGERA,Cattle,9913,Protein sequence downloaded from ensembl transcript that is not in the current gene set
H3,clustered H3.1,isoform_1,VGNC:95389,H3C8,H3 clustered histone 8,,,115945169,,,HGNC:4772,NP_001361465.1,NP_001361465.1,MARTKQTARKSTGGKAPRKQLATKAARKSAPATGGVKKPHRYRPGTVALREIRRYQKSTELLIRKLPFQRLVREIAQDFKTDLRFQSSAVMALQEACEAYLVGLFEDTNLCAIHAKRVTIMPKDIQLARRIRGERA,Cattle,9913,
H4,clustered H4,isoform_1,VGNC:83549,H4C1,H4 clustered histone 1,,,617905,ENSBTAG00000053034,,HGNC:4781,NP_001361457.1,NP_001361457.1,MSGRGKGGKGLGKGGAKRHRKVLRDNIQGITKPAIRRLARRGGVKRISGLIYEETRGVLKVFLENVIRDAVTYTEHAKRKTVTAMDVVYALKRQGRTLYGFGG,Cattle,9913,
H4,clustered H4,isoform_1,VGNC:83588,H4C11,H4 clustered histone 11,,,527645,ENSBTAG00000053627,A0A452DJ40,HGNC:4785,XP_002697516.1,XP_002697516.1,MSGRGKGGKGLGKGGAKRHRKVLRDNIQGITKPAIRRLARRGGVKRISGLIYEETRGVLKVFLENVIRDAVTYTEHAKRKTVTAMDVVYALKRQGRTLYGFGG,Cattle,9913,
H4,clustered H4,isoform_1,VGNC:84554,H4C12,H4 clustered histone 12,,,115945172,ENSBTAG00000054176,A0A3Q1M8Q4,HGNC:4784,NP_001361469.1,NP_001361469.1,MSGRGKGGKGLGKGGAKRHRKVLRDNIQGITKPAIRRLARRGGVKRISGLIYEETRGVLKVFLENVIRDAVTYTEHAKRKTVTAMDVVYALKRQGRTLYGFGG,Cattle,9913,
H4,clustered H4,isoform_1,VGNC:83593,H4C13,H4 clustered histone 13,,,528329,ENSBTAG00000054340,A0A452DJB2,HGNC:4791,NP_001361467.1,NP_001361467.1,MSGRGKGGKGLGKGGAKRHRKVLRDNIQGITKPAIRRLARRGGVKRISGLIYEETRGVLKVFLENVIRDAVTYTEHAKRKTVTAMDVVYALKRQGRTLYGFGG,Cattle,9913,
H4,clustered H4,isoform_1,VGNC:83597,H4C14,H4 clustered histone 14,,,516742,ENSBTAG00000032453,A0A452DJJ1,HGNC:4794,NP_001361470.1,NP_001361470.1,MSGRGKGGKGLGKGGAKRHRKVLRDNIQGITKPAIRRLARRGGVKRISGLIYEETRGVLKVFLENVIRDAVTYTEHAKRKTVTAMDVVYALKRQGRTLYGFGG,Cattle,9913,
H4,clustered H4,isoform_1,VGNC:83618,H4C16,H4 histone 16,H4-16,,530773,ENSBTAG00000030504,A0A452DJ35,HGNC:20510,NP_001139343.1,NP_001139343.1,MSGRGKGGKGLGKGGAKRHRKVLRDNIQGITKPAIRRLARRGGVKRISGLIYEETRGVLKVFLENVIRDAVTYTEHAKRKTVTAMDVVYALKRQGRTLYGFGG,Cattle,9913,
H4,clustered H4,isoform_1,VGNC:97172,H4C19,H4 clustered histone 19,,,518961,,,,NP_001361461.1,NP_001361461.1,MSGRGKGGKGLGKGGAKRHRKVLRDNIQGITKPAIRRLARRGGVKRISGLIYEETRGVLKVFLENVIRDAVTYTEHAKRKTVTAMDVVYALKRQGRTLYGFGG,Cattle,9913,
H4,clustered H4,isoform_1,VGNC:83551,H4C2,H4 clustered histone 2,,,280691,ENSBTAG00000054933,A0A3Q1NHG3,HGNC:4789,XP_059736719.1,XP_059736719.1,MSGRGKGGKGLGKGGAKRHRKVLRDNIQGITKPAIRRLARRGGVKRISGLIYEETRGVLKVFLENVIRDAVTYTEHAKRKTVTAMDVVYALKRQGRTLYGFGG,Cattle,9913,
H4,clustered H4,isoform_1,VGNC:83551,H4C2,H4 clustered histone 2,,,280691,ENSBTAG00000054933,A0A3Q1NHG3,HGNC:4789,NP_776305.1,NP_776305.1,MSGRGKGGKGLGKGGAKRHRKVLRDNIQGITKPAIRRLARRGGVKRISGLIYEETRGVLKVFLENVIRDAVTYTEHAKRKTVTAMDVVYALKRQGRTLYGFGG,Cattle,9913,
H4,clustered H4,isoform_1,VGNC:84553,H4C3,H4 clustered histone 3,,,115945166,ENSBTAG00000052609,,HGNC:4787,NP_001361460.1,NP_001361460.1,MSGRGKGGKGLGKGGAKRHRKVLRDNIQGITKPAIRRLARRGGVKRISGLIYEETRGVLKVFLENVIRDAVTYTEHAKRKTVTAMDVVYALKRQGRTLYGFGG,Cattle,9913,
H4,clustered H4,isoform_2,VGNC:83562,H4C4,H4 clustered histone 4,,,617875,ENSBTAG00000040277,,HGNC:4782,NP_001093194.1,NP_001093194.1,MSGRGKGGKGLGKGGAKRHRKVLRDNIQGITKPAIRRLARRGGVKRISGLIYEEARGVLKVFLENVIRDAVTYTEHAKRKTVTAMDVVYALKRQGRTLYGFGG,Cattle,9913,
H4,clustered H4,isoform_1,VGNC:95390,H4C6,H4 clustered histone 6,,,115945168,,,HGNC:4783,NP_001361463.1,NP_001361463.1,MSGRGKGGKGLGKGGAKRHRKVLRDNIQGITKPAIRRLARRGGVKRISGLIYEETRGVLKVFLENVIRDAVTYTEHAKRKTVTAMDVVYALKRQGRTLYGFGG,Cattle,9913,
H4,clustered H4(?),isoform_1,VGNC:84556,H4C7,H4 clustered histone 7,,,115945170,ENSBTAG00000049555,A0A3Q1MEY7,HGNC:4792,NP_001361466.1,NP_001361466.1,MSGRGKGGKGLGKGGAKRHRKVLRDNIQGITKPAIRRLARRGGVKRISGLIYEETRGVLKVFLENVIRDAVTYTEHAKRKTVTAMDVVYALKRQGRTLYGFGG,Cattle,9913,
H4,clustered H4,isoform_1,VGNC:83575,H4C8,H4 clustered histone 8,,,527388,ENSBTAG00000049949,A0A3Q1MFY5,HGNC:4788,NP_001361464.1,NP_001361464.1,MSGRGKGGKGLGKGGAKRHRKVLRDNIQGITKPAIRRLARRGGVKRISGLIYEETRGVLKVFLENVIRDAVTYTEHAKRKTVTAMDVVYALKRQGRTLYGFGG,Cattle,9913,
H4,clustered H4,isoform_1,VGNC:83579,H4C9,H4 clustered histone 9,,,104975679,ENSBTAG00000046096,G3X807,HGNC:4793,,,,Cattle,9913,
H2A,macroH2A.1,,VGNC:83608,MACROH2A1,macroH2A.1 histone,,,532990,ENSBTAG00000016105,A0A3Q1LZ47|Q2HJ65,HGNC:4740,XP_024850110.1,XP_024850110.1,MSSRGGKKKSTKTSRSAKAGVIFPVGRMLRYIKKGHPKYRIGVGAPVYMAAVLEYLTAEILELAGNAARDNKKGRVTPRHILLAVANDEELNQLLKGVTIASGGVLPNIHPELLAKKRGSKGKLEAIITPPPAKKAKSPSQKKPVSKKTGGKKGARKSKKKQGEVSKAASADSTTEGTPADGFTVLSTKSLFLGQKLNLIHSEISNLAGFEVEAIINPTNADIDLKDDLGNTLEKKGGKEFVEAVLELRKKNGPLEVAGAAVSAGHGLPAKFVIHCNSPIWGADKCEELLEKTVKNCLALADDKKLKSIAFPSIGSGRSGAKPPICSILTAIPQGEQHC,Cattle,9913,
H2A,macroH2A.1,,VGNC:83608,MACROH2A1,macroH2A.1 histone,,,532990,ENSBTAG00000016105,A0A3Q1LZ47|Q2HJ65,HGNC:4740,XP_024850110.1,XP_024850110.1,MSSRGGKKKSTKTSRSAKAGVIFPVGRMLRYIKKGHPKYRIGVGAPVYMAAVLEYLTAEILELAGNAARDNKKGRVTPRHILLAVANDEELNQLLKGVTIASGGVLPNIHPELLAKKRGSKGKLEAIITPPPAKKAKSPSQKKPVSKKTGGKKGARKSKKKQGEVSKAASADSTTEGTPADGFTVLSTKSLFLGQKLNLIHSEISNLAGFEVEAIINPTNADIDLKDDLGNTLEKKGGKEFVEAVLELRKKNGPLEVAGAAVSAGHGLPAKFVIHCNSPIWGADKCEELLEKTVKNCLALADDKKLKSIAFPSIGSGRSGAKPPICSILTAIPQGEQHC,Cattle,9913,
H2A,macroH2A.1,,VGNC:83608,MACROH2A1,macroH2A.1 histone,,,532990,ENSBTAG00000016105,A0A3Q1LZ47|Q2HJ65,HGNC:4740,XP_024850110.1,XP_024850110.1,MSSRGGKKKSTKTSRSAKAGVIFPVGRMLRYIKKGHPKYRIGVGAPVYMAAVLEYLTAEILELAGNAARDNKKGRVTPRHILLAVANDEELNQLLKGVTIASGGVLPNIHPELLAKKRGSKGKLEAIITPPPAKKAKSPSQKKPVSKKTGGKKGARKSKKKQGEVSKAASADSTTEGTPADGFTVLSTKSLFLGQKLNLIHSEISNLAGFEVEAIINPTNADIDLKDDLGNTLEKKGGKEFVEAVLELRKKNGPLEVAGAAVSAGHGLPAKFVIHCNSPIWGADKCEELLEKTVKNCLALADDKKLKSIAFPSIGSGRSGAKPPICSILTAIPQGEQHC,Cattle,9913,
H2A,macroH2A.1,,VGNC:83608,MACROH2A1,macroH2A.1 histone,,,532990,ENSBTAG00000016105,A0A3Q1LZ47|Q2HJ65,HGNC:4740,XP_024850109.1,XP_024850109.1,MSSRGGKKKSTKTSRSAKAGVIFPVGRMLRYIKKGHPKYRIGVGAPVYMAAVLEYLTAEILELAGNAARDNKKGRVTPRHILLAVANDEELNQLLKGVTIASGGVLPNIHPELLAKKRGSKGKLEAIITPPPAKKAKSPSQKKPVSKKTGGKKGARKSKKQGEVSKAASADSTTEGTPADGFTVLSTKSLFLGQKLNLIHSEISNLAGFEVEAIINPTNADIDLKDDLGNTLEKKGGKEFVEAVLELRKKNGPLEVAGAAVSAGHGLPAKFVIHCNSPIWGADKCEELLEKTVKNCLALADDKKLKSIAFPSIGSGRNGFPKQTAAQLILKAISSYFVSTMSSSIKTVYFVLFDSESIGIYVQEMAKLDAN,Cattle,9913,
H2A,macroH2A.1,,VGNC:83608,MACROH2A1,macroH2A.1 histone,,,532990,ENSBTAG00000016105,A0A3Q1LZ47|Q2HJ65,HGNC:4740,XP_024850109.1,XP_024850109.1,MSSRGGKKKSTKTSRSAKAGVIFPVGRMLRYIKKGHPKYRIGVGAPVYMAAVLEYLTAEILELAGNAARDNKKGRVTPRHILLAVANDEELNQLLKGVTIASGGVLPNIHPELLAKKRGSKGKLEAIITPPPAKKAKSPSQKKPVSKKTGGKKGARKSKKQGEVSKAASADSTTEGTPADGFTVLSTKSLFLGQKLNLIHSEISNLAGFEVEAIINPTNADIDLKDDLGNTLEKKGGKEFVEAVLELRKKNGPLEVAGAAVSAGHGLPAKFVIHCNSPIWGADKCEELLEKTVKNCLALADDKKLKSIAFPSIGSGRNGFPKQTAAQLILKAISSYFVSTMSSSIKTVYFVLFDSESIGIYVQEMAKLDAN,Cattle,9913,
H2A,macroH2A.1,,VGNC:83608,MACROH2A1,macroH2A.1 histone,,,532990,ENSBTAG00000016105,A0A3Q1LZ47|Q2HJ65,HGNC:4740,XP_024850109.1,XP_024850109.1,MSSRGGKKKSTKTSRSAKAGVIFPVGRMLRYIKKGHPKYRIGVGAPVYMAAVLEYLTAEILELAGNAARDNKKGRVTPRHILLAVANDEELNQLLKGVTIASGGVLPNIHPELLAKKRGSKGKLEAIITPPPAKKAKSPSQKKPVSKKTGGKKGARKSKKQGEVSKAASADSTTEGTPADGFTVLSTKSLFLGQKLNLIHSEISNLAGFEVEAIINPTNADIDLKDDLGNTLEKKGGKEFVEAVLELRKKNGPLEVAGAAVSAGHGLPAKFVIHCNSPIWGADKCEELLEKTVKNCLALADDKKLKSIAFPSIGSGRNGFPKQTAAQLILKAISSYFVSTMSSSIKTVYFVLFDSESIGIYVQEMAKLDAN,Cattle,9913,
H2A,macroH2A.1,,VGNC:83608,MACROH2A1,macroH2A.1 histone,,,532990,ENSBTAG00000016105,A0A3Q1LZ47|Q2HJ65,HGNC:4740,XP_005209436.1,XP_005209436.1,MSSRGGKKKSTKTSRSAKAGVIFPVGRMLRYIKKGHPKYRIGVGAPVYMAAVLEYLTAEILELAGNAARDNKKGRVTPRHILLAVANDEELNQLLKGVTIASGGVLPNIHPELLAKKRGSKGKLEAIITPPPAKKAKSPSQKKPVSKKTGGKKGARKSKKQGEVSKAASADSTTEGTPADGFTVLSTKSLFLGQKLQVVQADIASIDSDAVVHPTNTDFYTGGEVGNTLEKKGGKEFVEAVLELRKKNGPLEVAGAAVSAGHGLPAKFVIHCNSPIWGADKCEELLEKTVKNCLALADDKKLKSIAFPSIGSGRNGFPKQTAAQLILKAISSYFVSTMSSSIKTVYFVLFDSESIGIYVQEMAKLDAN,Cattle,9913,
H2A,macroH2A.1,,VGNC:83608,MACROH2A1,macroH2A.1 histone,,,532990,ENSBTAG00000016105,A0A3Q1LZ47|Q2HJ65,HGNC:4740,XP_005209436.1,XP_005209436.1,MSSRGGKKKSTKTSRSAKAGVIFPVGRMLRYIKKGHPKYRIGVGAPVYMAAVLEYLTAEILELAGNAARDNKKGRVTPRHILLAVANDEELNQLLKGVTIASGGVLPNIHPELLAKKRGSKGKLEAIITPPPAKKAKSPSQKKPVSKKTGGKKGARKSKKQGEVSKAASADSTTEGTPADGFTVLSTKSLFLGQKLQVVQADIASIDSDAVVHPTNTDFYTGGEVGNTLEKKGGKEFVEAVLELRKKNGPLEVAGAAVSAGHGLPAKFVIHCNSPIWGADKCEELLEKTVKNCLALADDKKLKSIAFPSIGSGRNGFPKQTAAQLILKAISSYFVSTMSSSIKTVYFVLFDSESIGIYVQEMAKLDAN,Cattle,9913,
H2A,macroH2A.1,,VGNC:83608,MACROH2A1,macroH2A.1 histone,,,532990,ENSBTAG00000016105,A0A3Q1LZ47|Q2HJ65,HGNC:4740,XP_005209436.1,XP_005209436.1,MSSRGGKKKSTKTSRSAKAGVIFPVGRMLRYIKKGHPKYRIGVGAPVYMAAVLEYLTAEILELAGNAARDNKKGRVTPRHILLAVANDEELNQLLKGVTIASGGVLPNIHPELLAKKRGSKGKLEAIITPPPAKKAKSPSQKKPVSKKTGGKKGARKSKKQGEVSKAASADSTTEGTPADGFTVLSTKSLFLGQKLQVVQADIASIDSDAVVHPTNTDFYTGGEVGNTLEKKGGKEFVEAVLELRKKNGPLEVAGAAVSAGHGLPAKFVIHCNSPIWGADKCEELLEKTVKNCLALADDKKLKSIAFPSIGSGRNGFPKQTAAQLILKAISSYFVSTMSSSIKTVYFVLFDSESIGIYVQEMAKLDAN,Cattle,9913,
H2A,macroH2A.1,,VGNC:83608,MACROH2A1,macroH2A.1 histone,,,532990,ENSBTAG00000016105,A0A3Q1LZ47|Q2HJ65,HGNC:4740,XP_005209435.1,XP_005209435.1,MSSRGGKKKSTKTSRSAKAGVIFPVGRMLRYIKKGHPKYRIGVGAPVYMAAVLEYLTAEILELAGNAARDNKKGRVTPRHILLAVANDEELNQLLKGVTIASGGVLPNIHPELLAKKRGSKGKLEAIITPPPAKKAKSPSQKKPVSKKTGGKKGARKSKKKQGEVSKAASADSTTEGTPADGFTVLSTKSLFLGQKLQVVQADIASIDSDAVVHPTNTDFYTGGEVGNTLEKKGGKEFVEAVLELRKKNGPLEVAGAAVSAGHGLPAKFVIHCNSPIWGADKCEELLEKTVKNCLALADDKKLKSIAFPSIGSGRNGFPKQTAAQLILKAISSYFVSTMSSSIKTVYFVLFDSESIGIYVQEMAKLDAN,Cattle,9913,
H2A,macroH2A.1,,VGNC:83608,MACROH2A1,macroH2A.1 histone,,,532990,ENSBTAG00000016105,A0A3Q1LZ47|Q2HJ65,HGNC:4740,XP_005209435.1,XP_005209435.1,MSSRGGKKKSTKTSRSAKAGVIFPVGRMLRYIKKGHPKYRIGVGAPVYMAAVLEYLTAEILELAGNAARDNKKGRVTPRHILLAVANDEELNQLLKGVTIASGGVLPNIHPELLAKKRGSKGKLEAIITPPPAKKAKSPSQKKPVSKKTGGKKGARKSKKKQGEVSKAASADSTTEGTPADGFTVLSTKSLFLGQKLQVVQADIASIDSDAVVHPTNTDFYTGGEVGNTLEKKGGKEFVEAVLELRKKNGPLEVAGAAVSAGHGLPAKFVIHCNSPIWGADKCEELLEKTVKNCLALADDKKLKSIAFPSIGSGRNGFPKQTAAQLILKAISSYFVSTMSSSIKTVYFVLFDSESIGIYVQEMAKLDAN,Cattle,9913,
H2A,macroH2A.1,,VGNC:83608,MACROH2A1,macroH2A.1 histone,,,532990,ENSBTAG00000016105,A0A3Q1LZ47|Q2HJ65,HGNC:4740,XP_005209435.1,XP_005209435.1,MSSRGGKKKSTKTSRSAKAGVIFPVGRMLRYIKKGHPKYRIGVGAPVYMAAVLEYLTAEILELAGNAARDNKKGRVTPRHILLAVANDEELNQLLKGVTIASGGVLPNIHPELLAKKRGSKGKLEAIITPPPAKKAKSPSQKKPVSKKTGGKKGARKSKKKQGEVSKAASADSTTEGTPADGFTVLSTKSLFLGQKLQVVQADIASIDSDAVVHPTNTDFYTGGEVGNTLEKKGGKEFVEAVLELRKKNGPLEVAGAAVSAGHGLPAKFVIHCNSPIWGADKCEELLEKTVKNCLALADDKKLKSIAFPSIGSGRNGFPKQTAAQLILKAISSYFVSTMSSSIKTVYFVLFDSESIGIYVQEMAKLDAN,Cattle,9913,
H2A,macroH2A.1,,VGNC:83608,MACROH2A1,macroH2A.1 histone,,,532990,ENSBTAG00000016105,A0A3Q1LZ47|Q2HJ65,HGNC:4740,XP_005209434.1,XP_005209434.1,MSSRGGKKKSTKTSRSAKAGVIFPVGRMLRYIKKGHPKYRIGVGAPVYMAAVLEYLTAEILELAGNAARDNKKGRVTPRHILLAVANDEELNQLLKGVTIASGGVLPNIHPELLAKKRGSKGKLEAIITPPPAKKAKSPSQKKPVSKKTGGKKGARKSKKKQGEVSKAASADSTTEGTPADGFTVLSTKSLFLGQKLNLIHSEISNLAGFEVEAIINPTNADIDLKDDLGNTLEKKGGKEFVEAVLELRKKNGPLEVAGAAVSAGHGLPAKFVIHCNSPIWGADKCEELLEKTVKNCLALADDKKLKSIAFPSIGSGRNGFPKQTAAQLILKAISSYFVSTMSSSIKTVYFVLFDSESIGIYVQEMAKLDAN,Cattle,9913,
H2A,macroH2A.1,,VGNC:83608,MACROH2A1,macroH2A.1 histone,,,532990,ENSBTAG00000016105,A0A3Q1LZ47|Q2HJ65,HGNC:4740,XP_005209434.1,XP_005209434.1,MSSRGGKKKSTKTSRSAKAGVIFPVGRMLRYIKKGHPKYRIGVGAPVYMAAVLEYLTAEILELAGNAARDNKKGRVTPRHILLAVANDEELNQLLKGVTIASGGVLPNIHPELLAKKRGSKGKLEAIITPPPAKKAKSPSQKKPVSKKTGGKKGARKSKKKQGEVSKAASADSTTEGTPADGFTVLSTKSLFLGQKLNLIHSEISNLAGFEVEAIINPTNADIDLKDDLGNTLEKKGGKEFVEAVLELRKKNGPLEVAGAAVSAGHGLPAKFVIHCNSPIWGADKCEELLEKTVKNCLALADDKKLKSIAFPSIGSGRNGFPKQTAAQLILKAISSYFVSTMSSSIKTVYFVLFDSESIGIYVQEMAKLDAN,Cattle,9913,
H2A,macroH2A.1,,VGNC:83608,MACROH2A1,macroH2A.1 histone,,,532990,ENSBTAG00000016105,A0A3Q1LZ47|Q2HJ65,HGNC:4740,XP_005209434.1,XP_005209434.1,MSSRGGKKKSTKTSRSAKAGVIFPVGRMLRYIKKGHPKYRIGVGAPVYMAAVLEYLTAEILELAGNAARDNKKGRVTPRHILLAVANDEELNQLLKGVTIASGGVLPNIHPELLAKKRGSKGKLEAIITPPPAKKAKSPSQKKPVSKKTGGKKGARKSKKKQGEVSKAASADSTTEGTPADGFTVLSTKSLFLGQKLNLIHSEISNLAGFEVEAIINPTNADIDLKDDLGNTLEKKGGKEFVEAVLELRKKNGPLEVAGAAVSAGHGLPAKFVIHCNSPIWGADKCEELLEKTVKNCLALADDKKLKSIAFPSIGSGRNGFPKQTAAQLILKAISSYFVSTMSSSIKTVYFVLFDSESIGIYVQEMAKLDAN,Cattle,9913,
H2A,macroH2A.1,,VGNC:83608,MACROH2A1,macroH2A.1 histone,,,532990,ENSBTAG00000016105,A0A3Q1LZ47|Q2HJ65,HGNC:4740,XP_005209433.1,XP_005209433.1,MSSRGGKKKSTKTSRSAKAGVIFPVGRMLRYIKKGHPKYRIGVGAPVYMAAVLEYLTAEILELAGNAARDNKKGRVTPRHILLAVANDEELNQLLKGVTIASGGVLPNIHPELLAKKRGSKGKLEAIITPPPAKKAKSPSQKKPVSKKTGGKKGARKSKKKQGEVSKAASADSTTEGTPADGFTVLSTKSLFLGQKLNLIHSEISNLAGFEVEAIINPTNADIDLKDDLGNTLEKKGGKEFVEAVLELRKKNGPLEVAGAAVSAGHGLPAKFVIHCNSPIWGADKCEELLEKTVKNCLALADDKKLKSIAFPSIGSGRNGFPKQTAAQLILKAISSYFVSTMSSSIKTVYFVLFDSESIGIYVQEMAKLDAN,Cattle,9913,
H2A,macroH2A.1,,VGNC:83608,MACROH2A1,macroH2A.1 histone,,,532990,ENSBTAG00000016105,A0A3Q1LZ47|Q2HJ65,HGNC:4740,XP_005209433.1,XP_005209433.1,MSSRGGKKKSTKTSRSAKAGVIFPVGRMLRYIKKGHPKYRIGVGAPVYMAAVLEYLTAEILELAGNAARDNKKGRVTPRHILLAVANDEELNQLLKGVTIASGGVLPNIHPELLAKKRGSKGKLEAIITPPPAKKAKSPSQKKPVSKKTGGKKGARKSKKKQGEVSKAASADSTTEGTPADGFTVLSTKSLFLGQKLNLIHSEISNLAGFEVEAIINPTNADIDLKDDLGNTLEKKGGKEFVEAVLELRKKNGPLEVAGAAVSAGHGLPAKFVIHCNSPIWGADKCEELLEKTVKNCLALADDKKLKSIAFPSIGSGRNGFPKQTAAQLILKAISSYFVSTMSSSIKTVYFVLFDSESIGIYVQEMAKLDAN,Cattle,9913,
H2A,macroH2A.1,,VGNC:83608,MACROH2A1,macroH2A.1 histone,,,532990,ENSBTAG00000016105,A0A3Q1LZ47|Q2HJ65,HGNC:4740,XP_005209433.1,XP_005209433.1,MSSRGGKKKSTKTSRSAKAGVIFPVGRMLRYIKKGHPKYRIGVGAPVYMAAVLEYLTAEILELAGNAARDNKKGRVTPRHILLAVANDEELNQLLKGVTIASGGVLPNIHPELLAKKRGSKGKLEAIITPPPAKKAKSPSQKKPVSKKTGGKKGARKSKKKQGEVSKAASADSTTEGTPADGFTVLSTKSLFLGQKLNLIHSEISNLAGFEVEAIINPTNADIDLKDDLGNTLEKKGGKEFVEAVLELRKKNGPLEVAGAAVSAGHGLPAKFVIHCNSPIWGADKCEELLEKTVKNCLALADDKKLKSIAFPSIGSGRNGFPKQTAAQLILKAISSYFVSTMSSSIKTVYFVLFDSESIGIYVQEMAKLDAN,Cattle,9913,
H2A,macroH2A.1,,VGNC:83608,MACROH2A1,macroH2A.1 histone,,,532990,ENSBTAG00000016105,A0A3Q1LZ47|Q2HJ65,HGNC:4740,NP_001039805.1,NP_001039805.1,MSSRGGKKKSTKTSRSAKAGVIFPVGRMLRYIKKGHPKYRIGVGAPVYMAAVLEYLTAEILELAGNAARDNKKGRVTPRHILLAVANDEELNQLLKGVTIASGGVLPNIHPELLAKKRGSKGKLEAIITPPPAKKAKSPSQKKPVSKKTGGKKGARKSKKQGEVSKAASADSTTEGTPADGFTVLSTKSLFLGQKLNLIHSEISNLAGFEVEAIINPTNADIDLKDDLGNTLEKKGGKEFVEAVLELRKKNGPLEVAGAAVSAGHGLPAKFVIHCNSPIWGADKCEELLEKTVKNCLALADDKKLKSIAFPSIGSGRNGFPKQTAAQLILKAISSYFVSTMSSSIKTVYFVLFDSESIGIYVQEMAKLDAN,Cattle,9913,
H2A,macroH2A.1,,VGNC:83608,MACROH2A1,macroH2A.1 histone,,,532990,ENSBTAG00000016105,A0A3Q1LZ47|Q2HJ65,HGNC:4740,NP_001039805.1,NP_001039805.1,MSSRGGKKKSTKTSRSAKAGVIFPVGRMLRYIKKGHPKYRIGVGAPVYMAAVLEYLTAEILELAGNAARDNKKGRVTPRHILLAVANDEELNQLLKGVTIASGGVLPNIHPELLAKKRGSKGKLEAIITPPPAKKAKSPSQKKPVSKKTGGKKGARKSKKQGEVSKAASADSTTEGTPADGFTVLSTKSLFLGQKLNLIHSEISNLAGFEVEAIINPTNADIDLKDDLGNTLEKKGGKEFVEAVLELRKKNGPLEVAGAAVSAGHGLPAKFVIHCNSPIWGADKCEELLEKTVKNCLALADDKKLKSIAFPSIGSGRNGFPKQTAAQLILKAISSYFVSTMSSSIKTVYFVLFDSESIGIYVQEMAKLDAN,Cattle,9913,
H2A,macroH2A.1,,VGNC:83608,MACROH2A1,macroH2A.1 histone,,,532990,ENSBTAG00000016105,A0A3Q1LZ47|Q2HJ65,HGNC:4740,NP_001039805.1,NP_001039805.1,MSSRGGKKKSTKTSRSAKAGVIFPVGRMLRYIKKGHPKYRIGVGAPVYMAAVLEYLTAEILELAGNAARDNKKGRVTPRHILLAVANDEELNQLLKGVTIASGGVLPNIHPELLAKKRGSKGKLEAIITPPPAKKAKSPSQKKPVSKKTGGKKGARKSKKQGEVSKAASADSTTEGTPADGFTVLSTKSLFLGQKLNLIHSEISNLAGFEVEAIINPTNADIDLKDDLGNTLEKKGGKEFVEAVLELRKKNGPLEVAGAAVSAGHGLPAKFVIHCNSPIWGADKCEELLEKTVKNCLALADDKKLKSIAFPSIGSGRNGFPKQTAAQLILKAISSYFVSTMSSSIKTVYFVLFDSESIGIYVQEMAKLDAN,Cattle,9913,
H2A,macroH2A.2,,VGNC:55987,MACROH2A2,macroH2A.2 histone,H2AFY2,H2A histone family member Y2,537167,ENSBTAG00000001163,Q1LZ92,HGNC:14453,NP_001069554.1,NP_001069554.1,MSGRSGKKKMSKLSRSARAGVIFPVGRLMRYLKKGTFKYRISVGAPVYMAAVIEYLAAEILELAGNAARDNKKARIAPRHILLAVANDEELNQLLKGVTIASGGVLPRIHPELLAKKRGTKAKSETILSPPPEKRGRKATSGKKGGKKSKAAKPRTSKKSKPKDSDKEGTSNSTSEDGPGDGFTILSSKSLVLGQKLSLTQSDISHIGSMRVEGIVHPTTAEIDLKEDIGKALEKAGGKEFLETVKELRKSQGPLEVAEAAVSQSSGLAAKFVIHCHIPQWGSDKCEEQLEETIKNCLSAAEDKKLKSVAFPPFPSGRNCFPKQTAAQVTLKAISAHFDDSSASSLKNVYFLLFDSESIGIYVQEMAKLDAK,Cattle,9913,
