Histone type,Histone variant,Clustered (canonical) isoform,vgnc_id,symbol,name,prev_symbol,prev_name,ncbi_id,ensembl_gene_id,uniprot_ids,Human gene ortholog HGNC ID,refseq_id,accession,sequence,sequence_length,Species,taxon_id
H1,H1.0,,VGNC:109666,H1-0,H1.0 linker histone,,,698693.0,ENSMMUG00000048560,,HGNC:4714,XP_014985652.1,XP_014985652.1,MTENSTSAPAAKPKRAKASKKSTDHPKYSDMIVAAIQAEKNRAGSSRQSIQKYIKSHYKVGENADSQIKLSIKRLVTTGVLKQTKGVGASGSFRLAKSDEPKKSVAFKKTKKEIKKVATPKKASKPKKAASKAPTKKPKATPVKKAKKKLAATPKKAKKPKTVKAKPVKASKPKKAKPVKPKAKSSAKRAGKKK,194,Macaque,9544
H1,H1.1,,VGNC:109665,H1-1,"H1.1 linker histone, cluster member",,,694975.0,ENSMMUG00000059711,,HGNC:4715,XP_014985651.1,XP_014985651.1,MSETAPPAPAASAAPEKPSASRKAKKPAKVAVATKKKPAGPSVSELIVQAASSSKERGGVSLAALKKALAAAGYDVEKNNSRIKLGIKSLVSKGTLVQTKGTGASGSFKLNKKASSVETKPGASRVAAKTKATGASKKPKKATGVSKKNVKTPKNAKKSAATRKSSKSPKKPKAVKPKKVAKSPAKTKAIKPKAAKAKVTKPKTAKPKKAAPKKK,215,Macaque,9544
H1,H1.10,,VGNC:109751,H1-10,H1.10 linker histone,,,703414.0,ENSMMUG00000043091,,HGNC:4722,XP_014985650.1,XP_014985650.1,MSVELEEALPVTTAEGMAKKVTKAGGSAALSPSKKRKNSKKKNQPGKYSQLVVETIRRLGERNGSSLAKIYTEAKKVPWFDQQNGRTYLKYSIKALVQNDTLLQVKGTGANGSFKLNRKKLEGGGERRGAPAAATAPAPTAHKAKKAAPGAAGSRRADKKPARGQKPEQRSHKKGAAAKKDKGGKTKKTAAAGGKKVKKAAKPSVPKVPKGRK,213,Macaque,9544
H1,H1.2,,VGNC:109667,H1-2,"H1.2 linker histone, cluster member",,,696005.0,ENSMMUG00000052921,,HGNC:4716,XP_014971377.1,XP_014971377.1,MSETAPVAPAAAPPAEKVPVKKKTAKKSGGPPRKASGPPVSELITKAVAASKERSGVSLAALKKALAAAGYDVEKNNSRIKLGLKSLVSKGTLVQTKGTGASGSFKLNKKAASGETKPKVKKVGAAKPKKPVGAAKKPRKATGGATPKKSAKKTPKKAKKPAAATVTKKVAKSPKKAKVAKPKKAAKSAAKSVKPKAAKPKVVKPKKAAPKKK,213,Macaque,9544
H1,H1.3,,VGNC:109745,H1-3,"H1.3 linker histone, cluster member",,,698238.0,ENSMMUG00000022050,,HGNC:4717,XP_014989036.1,XP_014989036.1,MSETAPVAPITPAPAEKIPVKKKAKKAGATAGKRKASGPPVSELITKAVAASKERSGVSLAALKKALAAAGYDVEKNNSRIKLGLKSLVSKGTLVQTKGTGASGSFKLNKKAASGEGKPKAKKAGSAKPRKPAAAAKKPKKASGAATPKKSVKKTSKKAKKPATAAGTKKVAKSAKKVKTPQPKKAAKSPAKAKAPKPKAAKPKSAKPKVTKAKKAAPKKK,221,Macaque,9544
H1,H1.4,,VGNC:109744,H1-4,"H1.4 linker histone, cluster member",,,696872.0,ENSMMUG00000023748,,HGNC:4718,XP_014989035.1,XP_014989035.1,MSETAPAAPAAPAPAEKTPVKKKARKSAGAAKRKASGPPVSELITKAVAASKERSGVSLAALKKALAAAGYDVEKNNSRIKLGLKSLVSKGTLVQTKGTGASGSFKLNKKAASGEAKPKAKKAGAAKAKKPTGAAKKPKKATGAATPKKSAKKTPKKAKKPAAAAGAKKAKSPKKAKAAKPKKAPKSPAKAKAVKPKAAKPKTAKPKAAKPKKAAAKKK,219,Macaque,9544
H1,H1.5,,VGNC:109746,H1-5,"H1.5 linker histone, cluster member",,,705100.0,ENSMMUG00000001442,,HGNC:4719,XP_014989034.1,XP_014989034.1,MSETAPAETATPAPVEKSPAKKKTTKKAAGAGAAKRKATGPPVSELITKAVAASKERNGLSLAALKKALAAGGYDVEKNNSRIKLGLKSLVSKGTLVQTKGTGASGSFKLNKKAASGEAKPKAKKAGAAKAKKPAGATPKKPKKAAGAKKAVKKTPKKAKKPAAAGVKKVAKSPKKAKAAAKPKKATKSPAKPKAVKPKAAKPKAAKPKAAKPKAAKAKKAAAKKK,226,Macaque,9544
H1,H1.6,,VGNC:109749,H1-6,"H1.6 linker histone, cluster member",,,696375.0,ENSMMUG00000051980,,HGNC:4720,XP_015006900.1,XP_015006900.1,MSETVPAASAGAVPAVMEKPLTKKRGKKPAGLTSASRKAPNLSVSKLITEALSVSQERVGMSLAALKKALAAAGYDVEKNNSRIKLSLKSLVNKGILVQTRGTGASGSFKLSKKVLPKSTRRKANKSASAKTKKLVLSRDSKSPKTAKTNKRAKKPRATAPKKAVRSGRKAKGAKGKQQQKSPVKARATKPKLTQHHKANIRKATSRK,208,Macaque,9544
H1,H1.7,,VGNC:109747,H1-7,H1.7 linker histone,,,706043.0,ENSMMUG00000051724,,HGNC:24893,XP_014991213.2,XP_014991213.2,MEQALTGEAQSQWPRRGGSGAMAEAPGPSGESRGHSVTQPPAEKTVGGPSRRCPRSVLKVSQLVLRAIAAHKGLTLAALRKELGNAGYEVRRKSGRHEAPRGQAKATLLRVSGSDAAGCFRVWKVSKPRRKPGRARQEEGARASRRTAAASRSSRRRRQPLRKAARKAREVWRLNARAKAKANARARRTRRARPRAKEPPCARAKVEAGATAAGERRGRAVKEHTRPRSGKDKRRSSKPREEKQEPKKPAQRTIQKPTPAKTDRTSSGQGKTPLKTSTKTFPKSEGLRNAVGSASCGSSFTPTTDKCLSPIGPKKSGSHTH,321,Macaque,9544
H1,H1.8,,VGNC:109748,H1-8,H1.8 linker histone,,,702823.0,ENSMMUG00000012736,,HGNC:18463,XP_014983364.1,XP_014983364.1,MAPGSVTSDISPSSTSTAGSSKSTESEKPGPSHSSFPVGRRHPPVLRMVLEALQAGEQRRGTSVAAIKLYILHKYPTVDVLRFKYLLKQALATGMRRGLLTRPLNSKARGATGSFKLVPKHKRKIQPRKMAPPTAPRRVGEAKGKGPKKPSEAKEDPPNVDKVKKAPPKPGAATEKARKQGGAAKDTRPQPGEARKVLPKPDKAIQEPSSAGGLSRKAKAKGSRSSQGDAEACRKTTTGSKSSKPTASKVKNGAASPTKKKVVAKAKAPKAGQGPNTKAVAPAKGSGSKVVPAHLSRKTEAPKGPRKAGLPIKASSSKVSSQRAEA,326,Macaque,9544
H1,H1.8,,VGNC:109748,H1-8,H1.8 linker histone,,,702823.0,ENSMMUG00000012736,,HGNC:18463,XP_014983364.1,XP_014983364.1,MAPGSVTSDISPSSTSTAGSSKSTESEKPGPSHSSFPVGRRHPPVLRMVLEALQAGEQRRGTSVAAIKLYILHKYPTVDVLRFKYLLKQALATGMRRGLLTRPLNSKARGATGSFKLVPKHKRKIQPRKMAPPTAPRRVGEAKGKGPKKPSEAKEDPPNVDKVKKAPPKPGAATEKARKQGGAAKDTRPQPGEARKVLPKPDKAIQEPSSAGGLSRKAKAKGSRSSQGDAEACRKTTTGSKSSKPTASKVKNGAASPTKKKVVAKAKAPKAGQGPNTKAVAPAKGSGSKVVPAHLSRKTEAPKGPRKAGLPIKASSSKVSSQRAEA,326,Macaque,9544
H1,H1.8,,VGNC:109748,H1-8,H1.8 linker histone,,,702823.0,ENSMMUG00000012736,,HGNC:18463,XP_014985652.1,XP_014985652.1,MAPPTAPRRVGEAKGKGPKKPSEAKEDPPNVDKVKKAPPKPGAATEKARKQGGAAKDTRPQPGEARKVLPKPDKAIQEPSSAGGLSRKAKAKGSRSSQGDAEACRKTTTGSKSSKPTASKVKNGAASPTKKKVVAKAKAPKAGQGPNTKAVAPAKGSGSKVVPAHLSRKTEAPKGPRKAGLPIKASSSKVSSQRAEA,197,Macaque,9544
H1,H1.8,,VGNC:109748,H1-8,H1.8 linker histone,,,702823.0,ENSMMUG00000012736,,HGNC:18463,XP_014985652.1,XP_014985652.1,MAPPTAPRRVGEAKGKGPKKPSEAKEDPPNVDKVKKAPPKPGAATEKARKQGGAAKDTRPQPGEARKVLPKPDKAIQEPSSAGGLSRKAKAKGSRSSQGDAEACRKTTTGSKSSKPTASKVKNGAASPTKKKVVAKAKAPKAGQGPNTKAVAPAKGSGSKVVPAHLSRKTEAPKGPRKAGLPIKASSSKVSSQRAEA,197,Macaque,9544
H1,H1.8,,VGNC:109748,H1-8,H1.8 linker histone,,,702823.0,ENSMMUG00000012736,,HGNC:18463,XP_014985651.1,XP_014985651.1,MAPPTAPRRVGEAKGKGPKKPSEAKEDPPNVDKVKKAPPKPGAATEKARKQGGAAKDTRPQPGEARKVLPKPDKAIQEPSSAGGLSRKAKAKGSRSSQGDAEACRKTTTGSKSSKPTASKVKNGAASPTKKKVVAKAKAPKAGQGPNTKAVAPAKGSGSKVVPAHLSRKTEAPKGPRKAGLPIKASSSKVSSQRAEA,197,Macaque,9544
H1,H1.8,,VGNC:109748,H1-8,H1.8 linker histone,,,702823.0,ENSMMUG00000012736,,HGNC:18463,XP_014985651.1,XP_014985651.1,MAPPTAPRRVGEAKGKGPKKPSEAKEDPPNVDKVKKAPPKPGAATEKARKQGGAAKDTRPQPGEARKVLPKPDKAIQEPSSAGGLSRKAKAKGSRSSQGDAEACRKTTTGSKSSKPTASKVKNGAASPTKKKVVAKAKAPKAGQGPNTKAVAPAKGSGSKVVPAHLSRKTEAPKGPRKAGLPIKASSSKVSSQRAEA,197,Macaque,9544
H1,H1.8,,VGNC:109748,H1-8,H1.8 linker histone,,,702823.0,ENSMMUG00000012736,,HGNC:18463,XP_014985650.1,XP_014985650.1,MAPPTAPRRVGEAKGKGPKKPSEAKEDPPNVDKVKKAPPKPGAATEKARKQGGAAKDTRPQPGEARKVLPKPDKAIQEPSSAGGLSRKAKAKGSRSSQGDAEACRKTTTGSKSSKPTASKVKNGAASPTKKKVVAKAKAPKAGQGPNTKAVAPAKGSGSKVVPAHLSRKTEAPKGPRKAGLPIKASSSKVSSQRAEA,197,Macaque,9544
H1,H1.8,,VGNC:109748,H1-8,H1.8 linker histone,,,702823.0,ENSMMUG00000012736,,HGNC:18463,XP_014985650.1,XP_014985650.1,MAPPTAPRRVGEAKGKGPKKPSEAKEDPPNVDKVKKAPPKPGAATEKARKQGGAAKDTRPQPGEARKVLPKPDKAIQEPSSAGGLSRKAKAKGSRSSQGDAEACRKTTTGSKSSKPTASKVKNGAASPTKKKVVAKAKAPKAGQGPNTKAVAPAKGSGSKVVPAHLSRKTEAPKGPRKAGLPIKASSSKVSSQRAEA,197,Macaque,9544
H1,TS_H1.9,,VGNC:109750,H1-9,H1.9 linker histone,,,701555.0,,,HGNC:30616,XP_014975881.1,XP_014975881.1,MGHAPPAGRGTKSCLASRKRWSHHLRPGEGQDELLSLEFGELSYPKHNFLFPGKGRLRGKTATSVWMLRWRQLGRERRGLEPKRKPRGGPGTRTHLSHHAKSSPVETASCPGGPCTQDISPTPGREAERHFATVPVSALDLKYCLEWRPAGQRVPSKKATGQRTCAKACQKPSISKVILRAVADKGTCKYVSMATLKKAVSTAGYDMARNAYHFKRVLKGLVDKACSAGDRQGASGSFTLGKKQASKSKLKVKRQQQQRRRSGQCLSGQCRSGQCPFGQRRSLLGSKQGHKXLVKRVQRIAKCHCN,306,Macaque,9544
H2A,H2A.B,,VGNC:109669,H2AB1,H2A.B variant histone 1,,,703044.0,ENSMMUG00000059127,,HGNC:22516,XP_001088506.1,XP_001088506.1,MSERRSHRRSSRAGGRGRTRSRTVRAELSFSVSQVERGLREGHYAQRLSPTAPVYLAAVIEYLTAKVLELAGNEAQNNGERNITPLLLDMAVHNNRLLSTLFDTTTISQVAPGGD,115,Macaque,9544
H2A,H2A.B,,VGNC:109668,H2AB2,H2A.B variant histone 2,,,114675038.0,ENSMMUG00000055745,,HGNC:18298,XP_014996354.1,XP_014996354.1,MSERRSHRRSSRAGGRGRTRSRTVRAELSFSVSQVERGLREGHYAQRLSPTAPVYLAAVIEYLTAKVLELAGNEAQNNGERNITPLLLDMAVHNNRLLSTLFDTTTISQVAPGGD,115,Macaque,9544
H2A,H2A.B,,VGNC:109670,H2AB3,H2A.B variant histone 3,,,106995531.0,,,HGNC:14455,XP_014996353.1,XP_014996353.1,MSERRSHRRSSRAGGRGRTRSRTVRAELSFSVSQVERGLREGHYAQRLSPTAPVYLAAVIEYLTAKVLELAGNEAQNNGERNITPLLLDMAVHNNRLLSTLFDTTTISQVAPGGD,115,Macaque,9544
H2A,clustered H2A,isoform_1,VGNC:109672,H2AC1,H2A clustered histone 1,,,698239.0,ENSMMUG00000039988,,HGNC:18729,XP_014996351.1,XP_014996351.1,MSGRGKQGGKARAKAKSRSSRAGLQFPVGRIHRLLRKGNYAERIGAGAPVYLAAVLEYLTAEILELAGNASRDNKKTRIIPRHLQLAIRNDEELNKLLGGVTIAQGGVLPNIQAVLLPKKTESHHHKAQSK,131,Macaque,9544
H2A,clustered H2A,,VGNC:109679,H2AC10,H2A clustered histone 10,,,114677660.0,,,HGNC:4732,XP_028703609.1,XP_028703609.1,MWKAGQQSWRQGSNTLFQGWSPVFCGPRAPPAPQGQLRRAGGGQRARVPGGGAGVPDRQDPGVGGQRGPRQKTCVIPRRLQLAIHREKLNKLLGKVTIAQGGVLPNIQAVLWPCLYK,117,Macaque,9544
H2A,clustered H2A,isoform_5,VGNC:109681,H2AC11,H2A clustered histone 11,,,701574.0,ENSMMUG00000052414,,HGNC:4737,XP_014991239.1,XP_014991239.1,MSGRGKQGGKARAKAKTRSSRAGLQFPVGRVHRLLRKGNYAERVGAGAPVYLAAVLEYLTAEILELAGNAARDNKKTRIIPRHLQLAIRNDEELNKLLGKVTIAQGGVLPNIQAVLLPKKTESHHKAKGK,130,Macaque,9544
H2A,clustered H2A,isoform_7,VGNC:109682,H2AC12,H2A clustered histone 12,,,701826.0,ENSMMUG00000061750,,HGNC:13671,XP_001093153.1,XP_001093153.1,MSGRGKQGGKARAKAKTRSSRAGLQFPVGRVHRLLRKGNYAERVGAGAPVYLAAVLEYLTAEILELAGNAARDNKKTRIIPRHLQLAIRNDEELNKLLGKVTIAQGGVLPNIQAVLLPKKTESHHKAK,128,Macaque,9544
H2A,clustered H2A,isoform_5,VGNC:109680,H2AC13,H2A clustered histone 13,,,704006.0,ENSMMUG00000055788,,HGNC:4725,NP_001180960.1,NP_001180960.1,MSGRGKQGGKARAKAKTRSSRAGLQFPVGRVHRLLRKGNYAERVGAGAPVYLAAVLEYLTAEILELAGNAARDNKKTRIIPRHLQLAIRNDEELNKLLGKVTIAQGGVLPNIQAVLLPKKTESHHKAKGK,130,Macaque,9544
H2A,clustered H2A,isoform_8,VGNC:109685,H2AC14,H2A clustered histone 14,,,704127.0,ENSMMUG00000052150,,HGNC:4727,NP_001180966.1,NP_001180966.1,MSGRGKQGGKARAKAKTRSSRAGLQFPVGRVHRLLRKGNYAERVGAGAPVYLAAVLEYLTAEILELAGNAARDNKKTRIIPRHLQLAIRNDEELNKLLGKVTIAQGGVLPNIQAVLLPKKTESHHKTK,128,Macaque,9544
H2A,clustered H2A,isoform_5,VGNC:109683,H2AC15,H2A clustered histone 15,,,704664.0,ENSMMUG00000042665,,HGNC:4726,XP_014991251.1,XP_014991251.1,MSGRGKQGGKARAKAKTRSSRAGLQFPVGRVHRLLRKGNYAERVGAGAPVYLAAVLEYLTAEILELAGNAARDNKKTRIIPRHLQLAIRNDEELNKLLGKVTIAQGGVLPNIQAVLLPKKTESHHKAKGK,130,Macaque,9544
H2A,clustered H2A,isoform_6,VGNC:109684,H2AC16,H2A clustered histone 16,,,704994.0,ENSMMUG00000062046,,HGNC:4730,XP_001096671.1,XP_001096671.1,MSGRGKQGGKARAKAKTRSSRAGLQFPVGRVHRLLRKGNYAERVGAGAPVYLAAVLEYLTAEILELAGNAARDNKKTRIIPRHLQLAIRNDEELNKLLGKVTIAQGGVLPNIQAVLLPKKTESHHKAKSK,130,Macaque,9544
H2A,clustered H2A,isoform_5,VGNC:109686,H2AC17,H2A clustered histone 17,,,705469.0,ENSMMUG00000049519,,HGNC:4735,XP_001097227.1,XP_001097227.1,MSGRGKQGGKARAKAKTRSSRAGLQFPVGRVHRLLRKGNYAERVGAGAPVYLAAVLEYLTAEILELAGNAARDNKKTRIIPRHLQLAIRNDEELNKLLGKVTIAQGGVLPNIQAVLLPKKTESHHKAKGK,130,Macaque,9544
H2A,clustered H2A,isoform_9,VGNC:109688,H2AC18,H2A clustered histone 18,,,114670854.0,,,HGNC:4736,XP_028685339.1,XP_028685339.1,MSGRGKQGGKARAKAKSRSSRAGLQFPVGRVHRLLRKGNYAERVGAGAPVYMAAVLEYLTAEILELAGNAARDNKKTRIIPRHLQLAIRNDEELNKLLGKVTIAQGGVLPNIQAVLLPKKTESHHKAKGK,130,Macaque,9544
H2A,clustered H2A,isoform_9,VGNC:109687,H2AC19,H2A clustered histone 19,,,696463.0,,,HGNC:29668,XP_001084365.1,XP_001084365.1,MSGRGKQGGKARAKAKSRSSRAGLQFPVGRVHRLLRKGNYAERVGAGAPVYMAAVLEYLTAEILELAGNAARDNKKTRIIPRHLQLAIRNDEELNKLLGKVTIAQGGVLPNIQAVLLPKKTESHHKAKGK,130,Macaque,9544
H2A,clustered H2A,isoform_10,VGNC:109690,H2AC20,H2A clustered histone 20,,,705054.0,ENSMMUG00000037540,,HGNC:4738,XP_001096626.1,XP_001096626.1,MSGRGKQGGKARAKAKSRSSRAGLQFPVGRVHRLLRKGNYAERVGAGAPVYMAAVLEYLTAEILELAGNAARDNKKTRIIPRHLQLAIRNDEELNKLLGKVTIAQGGVLPNIQAVLLPKKTESHKAKSK,129,Macaque,9544
H2A,clustered H2A,isoform_11,VGNC:109689,H2AC21,H2A clustered histone 21,,,705170.0,ENSMMUG00000061036,,HGNC:20508,XP_001096734.1,XP_001096734.1,MSGRGKQGGKARAKAKSRSSRAGLQFPVGRVHRLLRKGNYAERVGAGAPVYLAAVLEYLTAEILELAGNAARDNKKTRIIPRHLQLAVRNDEELNKLLGGVTIAQGGVLPNIQAVLLPKKTESHKPGKNK,130,Macaque,9544
H2A,clustered H2A,isoform_12,VGNC:109691,H2AC25,H2A clustered histone 25,,,693768.0,ENSMMUG00000041308,,HGNC:20507,NP_001252555.1,NP_001252555.1,MSGRGKQGGKARAKAKSRSSRAGLQFPVGRVHRLLRKGNYSERVGAGAPVYLAAVLEYLTAEILELAGNAARDNKKTRIIPRHLQLAIRNDEELNKLLGRVTIAQGGVLPNIQAVLLPKKTESHHKAKGK,130,Macaque,9544
H2A,,,VGNC:109671,H2AC2P,"H2A clustered histone 2, pseudogene",,,106997822.0,,,HGNC:18720,,,,,Macaque,9544
H2A,,,VGNC:109673,H2AC3P,"H2A clustered histone 3, pseudogene",,,106997823.0,,,HGNC:18804,,,,,Macaque,9544
H2A,clustered H2A,isoform_2,VGNC:109675,H2AC4,H2A clustered histone 4,,,695551.0,,,HGNC:4734,NP_001180653.1,NP_001180653.1,MSGRGKQGGKARAKAKTRSSRAGLQFPVGRVHRLLRKGNYSERVGAGAPVYLAAVLEYLTAEILELAGNAARDNKKTRIIPRHLQLAIRNDEELNKLLGRVTIAQGGVLPNIQAVLLPKKTESHHKAKGK,130,Macaque,9544
H2A,,,VGNC:109674,H2AC5P,"H2A clustered histone 5, pseudogene",,,114677755.0,ENSMMUG00000061046,,HGNC:4728,,,,,Macaque,9544
H2A,clustered H2A,isoform_3,VGNC:109676,H2AC6,H2A clustered histone 6,,,696629.0,ENSMMUG00000060294,,HGNC:4733,NP_001180707.1,NP_001180707.1,MSGRGKQGGKARAKAKSRSSRAGLQFPVGRVHRLLRKGNYAERVGAGAPVYLAAVLEYLTAEILELAGNAARDNKKTRIIPRHLQLAIRNDEELNKLLGRVTIAQGGVLPNIQAVLLPKKTESHHKAKGK,130,Macaque,9544
H2A,clustered H2A,isoform_4,VGNC:109677,H2AC7,H2A clustered histone 7,,,697235.0,,,HGNC:4729,NP_001180722.1,NP_001180722.1,MSGRGKQGGKARAKAKTRSSRAGLQFPVGRVHRLLRKGNYSERVGAGAPVYLAAVLEYLTAEILELAGNAARDNKKTRIIPRHLQLAIRNDEELNKLLGKVTIAQGGVLPNIQAVLLPKKTESHHKAKGK,130,Macaque,9544
H2A,clustered H2A,isoform_2,VGNC:109678,H2AC8,H2A clustered histone 8,,,697977.0,ENSMMUG00000060663,,HGNC:4724,XP_001087578.1,XP_001087578.1,MSGRGKQGGKARAKAKTRSSRAGLQFPVGRVHRLLRKGNYSERVGAGAPVYLAAVLEYLTAEILELAGNAARDNKKTRIIPRHLQLAIRNDEELNKLLGRVTIAQGGVLPNIQAVLLPKKTESHHKAKGK,130,Macaque,9544
H2A,H2A.J,,VGNC:99938,H2AJ,H2A.J histone,,,701863.0,ENSMMUG00000018013,F7DHS4,HGNC:14456,NP_001180795.1,NP_001180795.1,MSGRGKQGGKVRAKAKSRSSRAGLQFPVGRVHRLLRKGNYAERVGAGAPVYLAAVLEYLTAEILELAGNAARDNKKTRIIPRHLQLAIRNDEELNKLLGKVTIAQGGVLPNIQAVLLPKKTESQKAKSK,129,Macaque,9544
,,,VGNC:109692,H2AL3P,"H2A.L variant histone 3, pseudogene",,,,ENSMMUG00000049573,,HGNC:53960,,,,,Macaque,9544
H2A,H2A.P,,VGNC:109693,H2AP,H2A.P histone,,,697665.0,,,HGNC:18417,XP_014982656.1,XP_014982656.1,MSEKNNRKNSSANNNQIQDRSRNELRVPMSFVDRVVQDEQDAQSQSSSTINILLTLLDCLADYIMEQVGLEAINNGRMRNTSQDGEREGDNHHEPHRTESDGTRFVFDEMPKSGKND,117,Macaque,9544
H2A,H2A.X,,VGNC:109694,H2AX,H2A.X variant histone,,,703073.0,ENSMMUG00000044496,,HGNC:4739,NP_001181134.1,NP_001181134.1,MSGRGKTGGKARAKAKSRSSRAGLQFPVGRVHRLLRKGHYAERVGAGAPVYLAAVLEYLTAEILELAGNAARDNKKTRIIPRHLQLAIRNDEELNKLLGGVTIAQGGVLPNIQAVLLPKKTSATVGPKAPSGGKKATQASQEY,143,Macaque,9544
H2A,H2A.X,,VGNC:109694,H2AX,H2A.X variant histone,,,703073.0,ENSMMUG00000044496,,HGNC:4739,XP_014971377.1,XP_014971377.1,MSGRGKTGGKARAKAKSRSSRAGLQFPVGRVHRLLRKGHYAERVGAGAPVYLAAVLEYLTAEILELAGNAARDNKKTRIIPRHLQLAIRNDEELNKLLGGVTIAQGGVLPNIQAVLLPKKTSATVGPKAPSGGKKATQASQEY,143,Macaque,9544
H2A,H2A.Z.1,,VGNC:109696,H2AZ1,H2A.Z variant histone 1,,,709326.0,ENSMMUG00000038454,,HGNC:4741,NP_001180479.1,NP_001180479.1,MAGGKAGKDSGKAKTKAVSRSQRAGLQFPVGRIHRHLKSRTTSHGRVGATAAVYSAAILEYLTAEVLELAGNASKDLKVKRITPRHLQLAIRGDEELDSLIKATIAGGGVIPHIHKSLIGKKGQQKTV,128,Macaque,9544
H2A,H2A.Z.1,,VGNC:109696,H2AZ1,H2A.Z variant histone 1,,,709326.0,ENSMMUG00000038454,,HGNC:4741,NP_001180479.1,NP_001180479.1,MAGGKAGKDSGKAKTKAVSRSQRAGLQFPVGRIHRHLKSRTTSHGRVGATAAVYSAAILEYLTAEVLELAGNASKDLKVKRITPRHLQLAIRGDEELDSLIKATIAGGGVIPHIHKSLIGKKGQQKTV,128,Macaque,9544
H2A,H2A.Z.2,,VGNC:81324,H2AZ2,H2A.Z variant histone 2,H2AFV,H2A histone family member V,705636.0,ENSMMUG00000000962,A0A1D5Q7M5|A0A1D5QMA0|A0A1D5RD94|A0A1D5RFL1|A0A5F8ATN0|F6TDW8|H9EMQ0,HGNC:20664,NP_001247938.1,NP_001247938.1,MAGGKAGKDSGKAKAKAVSRSQRAGLQVLELAGNASKDLKVKRITPRHLQLAIRGDEELDSLIKATIAGGGVIPHIHKSLIGKKGQQKTA,90,Macaque,9544
H2A,H2A.Z.2,,VGNC:81324,H2AZ2,H2A.Z variant histone 2,H2AFV,H2A histone family member V,705636.0,ENSMMUG00000000962,A0A1D5Q7M5|A0A1D5QMA0|A0A1D5RD94|A0A1D5RFL1|A0A5F8ATN0|F6TDW8|H9EMQ0,HGNC:20664,NP_001247938.1,NP_001247938.1,MAGGKAGKDSGKAKAKAVSRSQRAGLQVLELAGNASKDLKVKRITPRHLQLAIRGDEELDSLIKATIAGGGVIPHIHKSLIGKKGQQKTA,90,Macaque,9544
H2A,H2A.Z.2,,VGNC:81324,H2AZ2,H2A.Z variant histone 2,H2AFV,H2A histone family member V,705636.0,ENSMMUG00000000962,A0A1D5Q7M5|A0A1D5QMA0|A0A1D5RD94|A0A1D5RFL1|A0A5F8ATN0|F6TDW8|H9EMQ0,HGNC:20664,NP_001247938.1,NP_001247938.1,MAGGKAGKDSGKAKAKAVSRSQRAGLQVLELAGNASKDLKVKRITPRHLQLAIRGDEELDSLIKATIAGGGVIPHIHKSLIGKKGQQKTA,90,Macaque,9544
H2A,H2A.Z.2,,VGNC:81324,H2AZ2,H2A.Z variant histone 2,H2AFV,H2A histone family member V,705636.0,ENSMMUG00000000962,A0A1D5Q7M5|A0A1D5QMA0|A0A1D5RD94|A0A1D5RFL1|A0A5F8ATN0|F6TDW8|H9EMQ0,HGNC:20664,NP_001247938.1,NP_001247938.1,MAGGKAGKDSGKAKAKAVSRSQRAGLQVLELAGNASKDLKVKRITPRHLQLAIRGDEELDSLIKATIAGGGVIPHIHKSLIGKKGQQKTA,90,Macaque,9544
H2A,H2A.Z.2,,VGNC:81324,H2AZ2,H2A.Z variant histone 2,H2AFV,H2A histone family member V,705636.0,ENSMMUG00000000962,A0A1D5Q7M5|A0A1D5QMA0|A0A1D5RD94|A0A1D5RFL1|A0A5F8ATN0|F6TDW8|H9EMQ0,HGNC:20664,NP_001247938.1,NP_001247938.1,MAGGKAGKDSGKAKAKAVSRSQRAGLQVLELAGNASKDLKVKRITPRHLQLAIRGDEELDSLIKATIAGGGVIPHIHKSLIGKKGQQKTA,90,Macaque,9544
H2A,H2A.Z.2,,VGNC:81324,H2AZ2,H2A.Z variant histone 2,H2AFV,H2A histone family member V,705636.0,ENSMMUG00000000962,A0A1D5Q7M5|A0A1D5QMA0|A0A1D5RD94|A0A1D5RFL1|A0A5F8ATN0|F6TDW8|H9EMQ0,HGNC:20664,XP_014989036.1,XP_014989036.1,MAGGKAGKDSGKAKAKAVSRSQRAGLQFPVGRIHRHLKTRTTSHGRVGATAAVYSAAILEYLTAEV,66,Macaque,9544
H2A,H2A.Z.2,,VGNC:81324,H2AZ2,H2A.Z variant histone 2,H2AFV,H2A histone family member V,705636.0,ENSMMUG00000000962,A0A1D5Q7M5|A0A1D5QMA0|A0A1D5RD94|A0A1D5RFL1|A0A5F8ATN0|F6TDW8|H9EMQ0,HGNC:20664,XP_014989036.1,XP_014989036.1,MAGGKAGKDSGKAKAKAVSRSQRAGLQFPVGRIHRHLKTRTTSHGRVGATAAVYSAAILEYLTAEV,66,Macaque,9544
H2A,H2A.Z.2,,VGNC:81324,H2AZ2,H2A.Z variant histone 2,H2AFV,H2A histone family member V,705636.0,ENSMMUG00000000962,A0A1D5Q7M5|A0A1D5QMA0|A0A1D5RD94|A0A1D5RFL1|A0A5F8ATN0|F6TDW8|H9EMQ0,HGNC:20664,XP_014989036.1,XP_014989036.1,MAGGKAGKDSGKAKAKAVSRSQRAGLQFPVGRIHRHLKTRTTSHGRVGATAAVYSAAILEYLTAEV,66,Macaque,9544
H2A,H2A.Z.2,,VGNC:81324,H2AZ2,H2A.Z variant histone 2,H2AFV,H2A histone family member V,705636.0,ENSMMUG00000000962,A0A1D5Q7M5|A0A1D5QMA0|A0A1D5RD94|A0A1D5RFL1|A0A5F8ATN0|F6TDW8|H9EMQ0,HGNC:20664,XP_014989036.1,XP_014989036.1,MAGGKAGKDSGKAKAKAVSRSQRAGLQFPVGRIHRHLKTRTTSHGRVGATAAVYSAAILEYLTAEV,66,Macaque,9544
H2A,H2A.Z.2,,VGNC:81324,H2AZ2,H2A.Z variant histone 2,H2AFV,H2A histone family member V,705636.0,ENSMMUG00000000962,A0A1D5Q7M5|A0A1D5QMA0|A0A1D5RD94|A0A1D5RFL1|A0A5F8ATN0|F6TDW8|H9EMQ0,HGNC:20664,XP_014989036.1,XP_014989036.1,MAGGKAGKDSGKAKAKAVSRSQRAGLQFPVGRIHRHLKTRTTSHGRVGATAAVYSAAILEYLTAEV,66,Macaque,9544
H2A,H2A.Z.2,,VGNC:81324,H2AZ2,H2A.Z variant histone 2,H2AFV,H2A histone family member V,705636.0,ENSMMUG00000000962,A0A1D5Q7M5|A0A1D5QMA0|A0A1D5RD94|A0A1D5RFL1|A0A5F8ATN0|F6TDW8|H9EMQ0,HGNC:20664,XP_014989035.1,XP_014989035.1,MAGGKAGKDSGKAKAKAVSRSQRAGLQFPVGRIHRHLKTRTTSHGRVGATAAVYSAAILEYLTAEVLELAGNASKDLKVKRITPRHLQLAIRGDEELDSLIKATIAGGEKRRCS,114,Macaque,9544
H2A,H2A.Z.2,,VGNC:81324,H2AZ2,H2A.Z variant histone 2,H2AFV,H2A histone family member V,705636.0,ENSMMUG00000000962,A0A1D5Q7M5|A0A1D5QMA0|A0A1D5RD94|A0A1D5RFL1|A0A5F8ATN0|F6TDW8|H9EMQ0,HGNC:20664,XP_014989035.1,XP_014989035.1,MAGGKAGKDSGKAKAKAVSRSQRAGLQFPVGRIHRHLKTRTTSHGRVGATAAVYSAAILEYLTAEVLELAGNASKDLKVKRITPRHLQLAIRGDEELDSLIKATIAGGEKRRCS,114,Macaque,9544
H2A,H2A.Z.2,,VGNC:81324,H2AZ2,H2A.Z variant histone 2,H2AFV,H2A histone family member V,705636.0,ENSMMUG00000000962,A0A1D5Q7M5|A0A1D5QMA0|A0A1D5RD94|A0A1D5RFL1|A0A5F8ATN0|F6TDW8|H9EMQ0,HGNC:20664,XP_014989035.1,XP_014989035.1,MAGGKAGKDSGKAKAKAVSRSQRAGLQFPVGRIHRHLKTRTTSHGRVGATAAVYSAAILEYLTAEVLELAGNASKDLKVKRITPRHLQLAIRGDEELDSLIKATIAGGEKRRCS,114,Macaque,9544
H2A,H2A.Z.2,,VGNC:81324,H2AZ2,H2A.Z variant histone 2,H2AFV,H2A histone family member V,705636.0,ENSMMUG00000000962,A0A1D5Q7M5|A0A1D5QMA0|A0A1D5RD94|A0A1D5RFL1|A0A5F8ATN0|F6TDW8|H9EMQ0,HGNC:20664,XP_014989035.1,XP_014989035.1,MAGGKAGKDSGKAKAKAVSRSQRAGLQFPVGRIHRHLKTRTTSHGRVGATAAVYSAAILEYLTAEVLELAGNASKDLKVKRITPRHLQLAIRGDEELDSLIKATIAGGEKRRCS,114,Macaque,9544
H2A,H2A.Z.2,,VGNC:81324,H2AZ2,H2A.Z variant histone 2,H2AFV,H2A histone family member V,705636.0,ENSMMUG00000000962,A0A1D5Q7M5|A0A1D5QMA0|A0A1D5RD94|A0A1D5RFL1|A0A5F8ATN0|F6TDW8|H9EMQ0,HGNC:20664,XP_014989035.1,XP_014989035.1,MAGGKAGKDSGKAKAKAVSRSQRAGLQFPVGRIHRHLKTRTTSHGRVGATAAVYSAAILEYLTAEVLELAGNASKDLKVKRITPRHLQLAIRGDEELDSLIKATIAGGEKRRCS,114,Macaque,9544
H2A,H2A.Z.2,,VGNC:81324,H2AZ2,H2A.Z variant histone 2,H2AFV,H2A histone family member V,705636.0,ENSMMUG00000000962,A0A1D5Q7M5|A0A1D5QMA0|A0A1D5RD94|A0A1D5RFL1|A0A5F8ATN0|F6TDW8|H9EMQ0,HGNC:20664,XP_014989034.1,XP_014989034.1,MAGGKAGKDSGKAKAKAVSRSQRAGLQFPVGRIHRHLKTRTTSHGRVGATAAVYSAAILEYLTAEVLELAGNASKDLKVKRITPRHLQLAIRGDEELDSLIKATIAGGGVIPHIHKSLIGKKGQQKTA,128,Macaque,9544
H2A,H2A.Z.2,,VGNC:81324,H2AZ2,H2A.Z variant histone 2,H2AFV,H2A histone family member V,705636.0,ENSMMUG00000000962,A0A1D5Q7M5|A0A1D5QMA0|A0A1D5RD94|A0A1D5RFL1|A0A5F8ATN0|F6TDW8|H9EMQ0,HGNC:20664,XP_014989034.1,XP_014989034.1,MAGGKAGKDSGKAKAKAVSRSQRAGLQFPVGRIHRHLKTRTTSHGRVGATAAVYSAAILEYLTAEVLELAGNASKDLKVKRITPRHLQLAIRGDEELDSLIKATIAGGGVIPHIHKSLIGKKGQQKTA,128,Macaque,9544
H2A,H2A.Z.2,,VGNC:81324,H2AZ2,H2A.Z variant histone 2,H2AFV,H2A histone family member V,705636.0,ENSMMUG00000000962,A0A1D5Q7M5|A0A1D5QMA0|A0A1D5RD94|A0A1D5RFL1|A0A5F8ATN0|F6TDW8|H9EMQ0,HGNC:20664,XP_014989034.1,XP_014989034.1,MAGGKAGKDSGKAKAKAVSRSQRAGLQFPVGRIHRHLKTRTTSHGRVGATAAVYSAAILEYLTAEVLELAGNASKDLKVKRITPRHLQLAIRGDEELDSLIKATIAGGGVIPHIHKSLIGKKGQQKTA,128,Macaque,9544
H2A,H2A.Z.2,,VGNC:81324,H2AZ2,H2A.Z variant histone 2,H2AFV,H2A histone family member V,705636.0,ENSMMUG00000000962,A0A1D5Q7M5|A0A1D5QMA0|A0A1D5RD94|A0A1D5RFL1|A0A5F8ATN0|F6TDW8|H9EMQ0,HGNC:20664,XP_014989034.1,XP_014989034.1,MAGGKAGKDSGKAKAKAVSRSQRAGLQFPVGRIHRHLKTRTTSHGRVGATAAVYSAAILEYLTAEVLELAGNASKDLKVKRITPRHLQLAIRGDEELDSLIKATIAGGGVIPHIHKSLIGKKGQQKTA,128,Macaque,9544
H2A,H2A.Z.2,,VGNC:81324,H2AZ2,H2A.Z variant histone 2,H2AFV,H2A histone family member V,705636.0,ENSMMUG00000000962,A0A1D5Q7M5|A0A1D5QMA0|A0A1D5RD94|A0A1D5RFL1|A0A5F8ATN0|F6TDW8|H9EMQ0,HGNC:20664,XP_014989034.1,XP_014989034.1,MAGGKAGKDSGKAKAKAVSRSQRAGLQFPVGRIHRHLKTRTTSHGRVGATAAVYSAAILEYLTAEVLELAGNASKDLKVKRITPRHLQLAIRGDEELDSLIKATIAGGGVIPHIHKSLIGKKGQQKTA,128,Macaque,9544
H2B,clustered H2B,isoform_1,VGNC:109700,H2BC1,H2B clustered histone 1,,,698109.0,ENSMMUG00000056478,,HGNC:18730,NP_001180726.1,NP_001180726.1,MPELSSKGATISKKGFKKAVVKTQKKEGKKRKRTRKESYSIYIYKVLKQVHPDTGISSKAMSIMNSFVTDIFERIASEASRLAHYNKRSTISSREIQTAVRLLLPGELAKHAVSEGTKAVTKYTSSK,127,Macaque,9544
H2B,clustered H2B,isoform_4,VGNC:109707,H2BC10,H2B clustered histone 10,,,696808.0,,,HGNC:4756,XP_002803690.1,XP_002803690.1,MPEPAKSAPAPKKGSKKAVTKAQKKDGKKRKRSRKESYSVYVYKVLKQVHPDTGISSKAMGIMNSFVNDIFERIAGEASRLAHYNKRSTITSREIQTAVRLLLPGELAKHAVSEGTKAVTKYTSSK,126,Macaque,9544
H2B,clustered H2B,isoform_7,VGNC:109708,H2BC11,H2B clustered histone 11,,,701337.0,ENSMMUG00000040348,,HGNC:4761,NP_001180878.1,NP_001180878.1,MPEPAKSAPAPKKGSKKAVTKAQKKDGKKRKRSRKESYSIYVYKVLKQVHPDTGISSKAMGIMNSFVNDIFERIAGEASRLAHYNKRSTITSREIQTAVRLLLPGELAKHAVSEGTKAVTKYTSAK,126,Macaque,9544
H2B,clustered H2B,isoform_8,VGNC:109709,H2BC12,H2B clustered histone 12,,,701464.0,ENSMMUG00000058189,,HGNC:13954,NP_001247459.1,NP_001247459.1,MPEPAKSAPAPKKGSKKAVTKAQKKDGKKRKRSRKESYSVYVYKVLKQVHPDTGISSKAMGIMNSFVNDIFERIAGEASRLAHYNKRSTITSREIQTAVRLLLPGELAKHAVSEGTKAVTKYTSAK,126,Macaque,9544
H2B,clustered H2B,isoform_9,VGNC:109712,H2BC13,H2B clustered histone 13,,,704241.0,,,HGNC:4748,XP_014991253.1,XP_014991253.1,MPEPAKSAPAPKKGSKKAVTKAQKKDGKKRKRSRKESYSVYVYKVLKQVHPDTGISSKAMGIMNSFVNDIFERIASEASRLAHYNKRSTITSREIQTAVRLLLPGELAKHAVSEGTKAVTKYTSSK,126,Macaque,9544
H2B,clustered H2B,isoform_10,VGNC:109710,H2BC14,H2B clustered histone 14,,,704452.0,ENSMMUG00000060968,,HGNC:4750,NP_001180974.1,NP_001180974.1,MPEPLKSAPASKKGSKKAINKAQKKDGKKRKRSRKESYSVYVYKVLKQVHPDTGISSKAMGIMNSFVNDIFERIAGEASRLAHYNKRSTITSREIQTAVRLLLPGELAKHAVSEGTKAVTKYTSSK,126,Macaque,9544
H2B,clustered H2B,isoform_11,VGNC:109711,H2BC15,H2B clustered histone 15,,,704780.0,ENSMMUG00000051457,,HGNC:4749,XP_014991252.1,XP_014991252.1,MPEPSKSAPAPKKGSKKAVTKAQKKDGKKRKRSRKESYSVYVYKVLKQVHPDTGISSKAMGIMNSFVNDIFERIAGEASRLAHYNKRSTITSREIQTAVRLLLPGELAKHAVSEGTKAVTKYTSSK,126,Macaque,9544
H2B,clustered H2B,isoform_12,VGNC:109713,H2BC17,H2B clustered histone 17,,,702227.0,ENSMMUG00000063246,,HGNC:4758,NP_001180813.1,NP_001180813.1,MPDPAKSAPAPKKGSKKAVTKAQKKDGKKRKRSRKESYSIYVYKVLKQVHPDTGISSKAMGIMNSFVNDIFERIAGEASRLAHYNKRSTITSREIQTAVRLLLPGELAKHAVSEGTKAVTKYTSSK,126,Macaque,9544
H2B,clustered H2B,isoform_13,VGNC:109715,H2BC18,H2B clustered histone 18,,,107000817.0,ENSMMUG00000040506,,HGNC:24700,XP_028685317.1,XP_028685317.1,MPDPAKSAPAPKKGSKKAVTKVQKKDGKKRKRSRKESYSVYVYKVLKQVHPDTGISSKAMGIMNSFVNDIFERIAGEASRLAHYNKRSTITSREIQTAVRLLLPGELAKHAVSEGTKAVTKYTSSKSCSSKLIQCKRGSHGNPNLEIVGQKFWRPRLATGI,161,Macaque,9544
H2B,clustered H2B,isoform_14,VGNC:109715,H2BC18,H2B clustered histone 18,,,107000817.0,ENSMMUG00000040506,,HGNC:24700,XP_015006900.1,XP_015006900.1,MPDPAKSAPAPKKGSKKAVTKVQKKDGKKRKRSRKESYSVYVYKVLKQVHPDTGISSKAMGIMNSFVNDIFERIAGEASRLAHYNKRSTITSREIQTAVRLLLPGELAKHAVSEGTKAVTKYTSSNIF,128,Macaque,9544
H2B,,,VGNC:109714,H2BC19P,"H2B clustered histone 19, pseudogene",,,114670855.0,,,HGNC:20517,,,,,Macaque,9544
H2B,clustered H2B,isoform_2,VGNC:109699,H2BC2,H2B clustered histone 2,,,106997851.0,,,HGNC:18719,XP_014991195.2,XP_014991195.2,MNMLQLASKGTTTSKKGFKKAVAKTQKKEGKKRKRCCKESYFIYIYKVLKQVHPDTAISSKAMSMMNSFVSDIFEHIAGEASLLAHYDKHSTITSREIQTAMRLLLPGELAKHAVLEGTKAVTKYTSSK,129,Macaque,9544
H2B,,,VGNC:109718,H2BC20P,"H2B clustered histone 20, pseudogene",,,107000823.0,,,HGNC:20516,,,,,Macaque,9544
H2B,clustered H2B,isoform_15,VGNC:109716,H2BC21,H2B clustered histone 21,,,714818.0,,,HGNC:4760,XP_001104774.1,XP_001104774.1,MPEPAKSAPAPKKGSKKAVTKAQKKDGKKRKRSRKESYSIYVYKVLKQVHPDTGISSKAMGIMNSFVNDIFERIAGEASRLAHYNKRSTITSREIQTAVRLLLPGELAKHAVSEGTKAVTKYTSSK,126,Macaque,9544
H2B,clustered H2B,isoform_16,VGNC:109717,H2BC26,H2B clustered histone 26,,,693635.0,ENSMMUG00000053022,,HGNC:20514,XP_028682459.1,XP_028682459.1,MPDPSKSAPAPKKGSKKAVTKAQKKDGKKRKRGRKESYSIYVYKVLKQVHPDTGISSKAMGIMNSFVNDIFERIASEASRLAHYNKRSTITSREVQTAVRLLLPGELAKHAVSEGTKAVTKYTSSK,126,Macaque,9544
H2B,clustered H2B,isoform_17,VGNC:109721,H2BC27,H2B clustered histone 27,,,693507.0,,,HGNC:20515,XP_028682460.1,XP_028682460.1,MPEPSRAAPAPKKGSKKAITKAQKKDGKKRKRGRKESYSIYVYKVLKQVHPDTGISSKAMGIMNSFVNDIFERIASEASRLAHYNKRSTITSREVQTAVRLLLPGELAKHAVSEGTKAVTKYTSSK,126,Macaque,9544
H2B,clustered H2B,isoform_3,VGNC:109698,H2BC3,H2B clustered histone 3,,,695657.0,,,HGNC:4751,XP_001084180.1,XP_001084180.1,MPEPSKSAPAPKKGSKKAITKAQKKDGKKRKRSRKESYSIYVYKVLKQVHPDTGISSKAMGIMNSFVNDIFERIAGEASRLAHYNKRSTITSREIQTAVRLLLPGELAKHAVSEGTKAVTKYTSSK,126,Macaque,9544
H2B,clustered H2B,isoform_4,VGNC:109701,H2BC4,H2B clustered histone 4,,,696506.0,ENSMMUG00000057462,,HGNC:4757,XP_001086167.1,XP_001086167.1,MPEPAKSAPAPKKGSKKAVTKAQKKDGKKRKRSRKESYSVYVYKVLKQVHPDTGISSKAMGIMNSFVNDIFERIAGEASRLAHYNKRSTITSREIQTAVRLLLPGELAKHAVSEGTKAVTKYTSSK,126,Macaque,9544
H2B,clustered H2B,isoform_5,VGNC:109703,H2BC5,H2B clustered histone 5,,,106997853.0,ENSMMUG00000041727,,HGNC:4747,XP_014991214.2,XP_014991214.2,MNGASVGVIFSGVCDSVVIINVAMPEPTKSAPAPKKGSKKAVTKAQKKDGKKRKRSRKESYSVYVYKVLKQVHPDTGISSKAMGIMNSFVNDIFERIAGEASRLAHYNKRSTITSREIQTAVRLLLPGELAKHAVSEGTKAVTKYTSSK,149,Macaque,9544
H2B,clustered H2B,isoform_5,VGNC:109703,H2BC5,H2B clustered histone 5,,,106997853.0,ENSMMUG00000041727,,HGNC:4747,XP_014991213.2,XP_014991213.2,MNGASVGVIFSGVCDSVVIINVAMPEPTKSAPAPKKGSKKAVTKAQKKDGKKRKRSRKESYSVYVYKVLKQVHPDTGISSKAMGIMNSFVNDIFERIAGEASRLAHYNKRSTITSREIQTAVRLLLPGELAKHAVSEGTKAVTKYTSSK,149,Macaque,9544
H2B,clustered H2B,isoform_4,VGNC:109702,H2BC6,H2B clustered histone 6,,,696996.0,ENSMMUG00000061648,,HGNC:4753,XP_001086637.2,XP_001086637.2,MPEPAKSAPAPKKGSKKAVTKAQKKDGKKRKRSRKESYSVYVYKVLKQVHPDTGISSKAMGIMNSFVNDIFERIAGEASRLAHYNKRSTITSREIQTAVRLLLPGELAKHAVSEGTKAVTKYTSSK,126,Macaque,9544
H2B,clustered H2B,isoform_4,VGNC:109706,H2BC7,H2B clustered histone 7,,,697469.0,ENSMMUG00000052621,,HGNC:4752,XP_014991218.1,XP_014991218.1,MPEPAKSAPAPKKGSKKAVTKAQKKDGKKRKRSRKESYSVYVYKVLKQVHPDTGISSKAMGIMNSFVNDIFERIAGEASRLAHYNKRSTITSREIQTAVRLLLPGELAKHAVSEGTKAVTKYTSSK,126,Macaque,9544
H2B,clustered H2B,isoform_4,VGNC:109705,H2BC8,H2B clustered histone 8,,,697857.0,ENSMMUG00000063339,,HGNC:4746,XP_001087459.1,XP_001087459.1,MPEPAKSAPAPKKGSKKAVTKAQKKDGKKRKRSRKESYSVYVYKVLKQVHPDTGISSKAMGIMNSFVNDIFERIAGEASRLAHYNKRSTITSREIQTAVRLLLPGELAKHAVSEGTKAVTKYTSSK,126,Macaque,9544
H2B,clustered H2B,isoform_6,VGNC:109704,H2BC9,H2B clustered histone 9,,,698482.0,ENSMMUG00000045038,,HGNC:4755,NP_001180754.1,NP_001180754.1,MPDPAKSAPAPKKGSKKAVTKAQKKDGKKRKRSRKESYSVYVYKVLKQVHPDTGISSKAMGIMNSFVNDIFERIASEASRLAHYNKRSTITSREIQTAVRLLLPGELAKHAVSEGTKAVTKYTSSK,126,Macaque,9544
H2B,H2B.K,,VGNC:109720,H2BK1,H2B.K variant histone 1,,,106997735.0,ENSMMUG00000049654,,HGNC:53833,XP_014990793.2,XP_014990793.2,MSPATPGGAADLIKSSSEGVGGGYSRSRRMSAEYGQRQQPGGRGGRSSGNKKSKKRCRRKESYSMYIYKVLKQVHPDIGISAKAMSIMNSFVNDVFERLACEAARLAQYSGRTTLTSREVQTAVRLLLPGELAKHAVSEGTKAVTKYTSSK,151,Macaque,9544
H2B,,,VGNC:109719,H2BL1P,"H2B.L histone variant 1, pseudogene",,,706882.0,,,HGNC:54442,,,,,Macaque,9544
H2B,H2B.W,,VGNC:109724,H2BW1,H2B.W histone 1,,,699275.0,ENSMMUG00000032378,,HGNC:27252,NP_001180847.1,NP_001180847.1,MLRTQVPPLLRSTTAIVWSCRVMAAASAMAEPSSETTSEEQLITQEPKEANSTMAQKQSKQRKRGRRGPCRCHANCRGDSFATYFRRVLKQVHQGLSLSREAVSVMDSLVHDILDRIATEAGRLARSTKRQTITAWETRIAVRLLLPGEMGKLAESEGTKAVLRTSLYAVQQQRK,175,Macaque,9544
H2B,H2B.W,,VGNC:109724,H2BW1,H2B.W histone 1,,,699275.0,ENSMMUG00000032378,,HGNC:27252,XP_014983364.1,XP_014983364.1,MLRTQVPPLLRSTTAIVWSCRVMAAASAMAEPSSETTSEEQLITQEPKEANSTMAQKQSKQRKRGRRGPCRCHANCRGDSFATYFRRVLKQVHQGLSLSREAVSVMDSLVHDILDRIATEAGRLARSTKRQTITAWETRIAVRLLLPGEMGKLAESEGTKAVLRTSLYAVQQQRK,175,Macaque,9544
H2B,H2B.W,,VGNC:109723,H2BW1B,H2B.W histone 1B,,,114674719.0,,,HGNC:27252,XP_028697786.1,XP_028697786.1,MLRTQMPPLPRSTTAIVWSCRLMAAASAMAEASSETTSEEQLITQEPKEANSTMAQKQSKQRKRGCRGPRRCHADCRGDSFATYFRRVLKKVHQGLSLSREAVSVMDSLVHDILDRIATEAGRLARSTKRQTITAWETRIAVRLLLPGEMGKLAESEGTKAVLRTSLYAIQQQRK,175,Macaque,9544
H2B,H2B.W,,VGNC:109722,H2BW1C,H2B.W histone 1C,,,698767.0,ENSMMUG00000032380,,HGNC:27252,XP_001091440.1,XP_001091440.1,MLHTQVSPLPRSTTAIVCSCHLMAAVSAMAGPSSEIISEEQLITQEPKEANSTTAQKHCKQRKRGRRGPRRSHANCRRDSFATYFRRVLKQVHQGLSLSREAVSVMDSLVHDILDRIATEAGRLARSTKRQTITDWEIRTAVRLLLPGEMGKLAESKGTKAVLRTSLYAIQQQRK,175,Macaque,9544
H2B,H2B.W,,VGNC:109725,H2BW2A,H2B.W histone 2A,,,698430.0,ENSMMUG00000056634,,HGNC:27867,XP_014983400.1,XP_014983400.1,MKCHVGSLSATLPALKVTGWSRCLASCQPITVRVCGPKRPLWPGLEKPFNFHILAKLHDIGLDNDFLDRTLKAQATKVKRKGTVPKCAPVPWSTTVTVRSCHLMAAASAMAEASSKMTDEEDQSIQEPKNANSTIVQKKTRGLRGSRRCHANRRRDSFGDSFAAYFPQVLKQVHQGLSLSPESVSVMDSMVHDILDRIATEAGRLARYAKRVTITSRDIQVAVRLLLPGKMGKFAEAQGTNAALRTSLCAIWQQRK,256,Macaque,9544
H2B,H2B.W,,VGNC:109727,H2BW2B,H2B.W histone 2B,,,106995678.0,,,HGNC:27867,XP_028697787.1,XP_028697787.1,MAAASAMAEASSKMTSEEDQSIQEPKEANSATVQKKTRGLRGSHRRHANRRRDSFGNSFAAYFPQVLKQVHQGLSLSPESVSVMDSMVHDILDRIATEAGRLARYAKRVTITSRDIQVAVRLLLPGKMGKLAEAQGTNAALRTSLCAIWQQRK,153,Macaque,9544
H2B,H2B.W,,VGNC:109726,H2BW2C,H2B.W histone 2C,,,114674721.0,,,HGNC:27867,XP_028697788.1,XP_028697788.1,MAAASAMAEASSKMTSEEDQSIQEPKEANSATVQKKTRGLRGSHRRHANRRRDSFGNSFAAYFPQVLKQVHQGLSLSPESVSVMDSMVHDILDRIATEAGRLARYAKRVTITSRDIQVAVRLLLPGKMGKLAEAQGTNAALRTSLCAIWQQRK,153,Macaque,9544
H2B,H2B.W,,VGNC:109728,H2BW2D,H2B.W histone 2D,,,698679.0,,,HGNC:27867,XP_028697893.1,XP_028697893.1,MAAASIMAEASSKTTSEEDQSIQEPKEAKSTTAQKKRRGLRGSRRRHTNRHRDSFGDSFAAYFPQVLKQVHQGLSLSPESVSVMDSMVHDILDRIATEAGRLARYAKRVTITSRDIQVAVRLLLPGKMGKLAEAQGTNAALRTSLCAIWQQRK,153,Macaque,9544
H3,H3.3,,VGNC:109731,H3-3A,H3.3 histone A,,,699443.0,ENSMMUG00000055584,,HGNC:4764,XP_014970664.1,XP_014970664.1,MARTKQTARKSTGGKAPRKQLATKAARKSAPSTGGVKKPHRYRPGTVALREIRRYQKSTELLIRKLPFQRLVREIAQDFKTDLRFQSAAIGALQEASEAYLVGLFEDTNLCAIHAKRVTIMPKDIQLARRIRGERA,136,Macaque,9544
H3,H3.3,,VGNC:109729,H3-3B,H3.3 histone B,,,704104.0,ENSMMUG00000061824,,HGNC:4765,XP_014975882.1,XP_014975882.1,MARTKQTARKSTGGKAPRKQLATKAARKSAPSTGGVKKPHRYRPGTVALREIRRYQKSTELLIRKLPFQRLVREIAQDFKTDLRFQSAAIGALQEASEAYLVGLFEDTNLCAIHAKRVTIMPKDIQLARRIRGERA,136,Macaque,9544
H3,H3.3,,VGNC:109729,H3-3B,H3.3 histone B,,,704104.0,ENSMMUG00000061824,,HGNC:4765,XP_014975881.1,XP_014975881.1,MARTKQTARKSTGGKAPRKQLATKAARKSAPSTGGVKKPHRYRPGTVALREIRRYQKSTELLIRKLPFQRLVREIAQDFKTDLRFQSAAIGALQEASEAYLVGLFEDTNLCAIHAKRVTIMPKDIQLARRIRGERA,136,Macaque,9544
H3,H3.4,,VGNC:109730,H3-4,"H3.4 histone, cluster member",,,694024.0,ENSMMUG00000055227,,HGNC:4778,XP_014970194.1,XP_014970194.1,MARTKQTARKSTGGKAPRKQLATKVARKSAPATGGVKKPHRYRPGTVALREIRRYQKSTELLIRKLPFQRLVREIAQDFKTDLRFQSSAVMALQEACESYLVGLFEDTNLCAIHAKRVTIMPKDIQLARRIRGERA,136,Macaque,9544
H3,clustered H3.1,isoform_1,VGNC:109733,H3C1,H3 clustered histone 1,,,695092.0,ENSMMUG00000065242,,HGNC:4766,NP_001180643.1,NP_001180643.1,MARTKQTARKSTGGKAPRKQLATKAARKSAPATGGVKKPHRYRPGTVALREIRRYQKSTELLIRKLPFQRLVREIAQDFKTDLRFQSSAVMALQEACEAYLVGLFEDTNLCAIHAKRVTIMPKDIQLARRIRGERA,136,Macaque,9544
H3,clustered H3.1,isoform_1,VGNC:109740,H3C10,H3 clustered histone 10,,,703889.0,ENSMMUG00000057878,,HGNC:4775,XP_014991250.1,XP_014991250.1,MARTKQTARKSTGGKAPRKQLATKAARKSAPATGGVKKPHRYRPGTVALREIRRYQKSTELLIRKLPFQRLVREIAQDFKTDLRFQSSAVMALQEACEAYLVGLFEDTNLCAIHAKRVTIMPKDIQLARRIRGERA,136,Macaque,9544
H3,clustered H3.1,isoform_1,VGNC:109738,H3C11,H3 clustered histone 11,,,,ENSMMUG00000058664,F7BRX2|A0A8J8Y153,HGNC:4771,NP_001180643.1,NP_001180643.1,MARTKQTARKSTGGKAPRKQLATKAARKSAPATGGVKKPHRYRPGTVALREIRRYQKSTELLIRKLPFQRLVREIAQDFKTDLRFQSSAVMALQEACEAYLVGLFEDTNLCAIHAKRVTIMPKDIQLARRIRGERA,136,Macaque,9544
H3,clustered H3.1,isoform_1,VGNC:109739,H3C12,H3 clustered histone 12,,,100430668.0,ENSMMUG00000063237,,HGNC:4774,XP_028703598.1,XP_028703598.1,MARTKQTARKSTGGKAPRKQLATKAARKSAPATGGVKKPHRYRPGTVALREIRRYQKSTELLIRKLPFQRLVREIAQDFKTDLRFQSSAVMALQEACEAYLVGLFEDTNLCAIHAKRVTIMPKDIQLARRIRGERA,136,Macaque,9544
H3,clustered H3.2,isoform_1,VGNC:109741,H3C13,H3 clustered histone 13,,,,ENSMMUG00000054078,A0A8X9AEI8|F7GHH9,HGNC:25311,,,MARTKQTARKSTGGKAPRKQLATKAARKSAPATGGVKKPHRYRPGTVALREIRRYQKSTELLIRKLPFQRLVREIAQDFKTDLRFQSSAVMALQEASEAYLVGLFEDTNLCAIHAKRVTIMPKDIQLARRIRGERA,136,Macaque,9544
H3,clustered H3.2,isoform_1,VGNC:109742,H3C15,H3 clustered histone 15,,,114669830.0,,,HGNC:20505,XP_028685333.1,XP_028685333.1,MARTKQTARKSTGGKAPRKQLATKAARKSAPATGGVKKPHRYRPGTVALREIRRYQKSTELLIRKLPFQRLVREIAQDFKTDLRFQSSAVMALQEASEAYLVGLFEDTNLCAIHAKRVTIMPKDIQLARRIRGERA,136,Macaque,9544
H3,clustered H3.1,isoform_1,VGNC:109734,H3C2,H3 clustered histone 2,,,695427.0,ENSMMUG00000059280,,HGNC:4776,XP_001083954.1,XP_001083954.1,MARTKQTARKSTGGKAPRKQLATKAARKSAPATGGVKKPHRYRPGTVALREIRRYQKSTELLIRKLPFQRLVREIAQDFKTDLRFQSSAVMALQEACEAYLVGLFEDTNLCAIHAKRVTIMPKDIQLARRIRGERA,136,Macaque,9544
H3,clustered H3.1,isoform_1,VGNC:109732,H3C3,H3 clustered histone 3,,,,ENSMMUG00000053403,F7BRX2|A0A8J8Y153,HGNC:4768,NP_001180643.1,NP_001180643.1,MARTKQTARKSTGGKAPRKQLATKAARKSAPATGGVKKPHRYRPGTVALREIRRYQKSTELLIRKLPFQRLVREIAQDFKTDLRFQSSAVMALQEACEAYLVGLFEDTNLCAIHAKRVTIMPKDIQLARRIRGERA,136,Macaque,9544
H3,clustered H3.1,isoform_1,VGNC:109737,H3C6,H3 clustered histone 6,,,698105.0,ENSMMUG00000055425,,HGNC:4769,XP_001087706.1,XP_001087706.1,MARTKQTARKSTGGKAPRKQLATKAARKSAPATGGVKKPHRYRPGTVALREIRRYQKSTELLIRKLPFQRLVREIAQDFKTDLRFQSSAVMALQEACEAYLVGLFEDTNLCAIHAKRVTIMPKDIQLARRIRGERA,136,Macaque,9544
H3,clustered H3.1,isoform_1,VGNC:109736,H3C7,H3 clustered histone 7,,,,ENSMMUG00000051224,A0A5F7ZRK6,HGNC:4773,,,MARTKQTARKSTGGKAPRKQLATKAARKSAPATGGVKKPHRYRPGTVALREIRRYQKSTELLVRKLPFQRLVREIAQDFKTDLRFQSSAVMALQEACEAYLVGLFEDTNLCAIHAKRVTIMPKDIQLARRIRGERA,136,Macaque,9544
H3,clustered H3.1,isoform_1,VGNC:109735,H3C8,H3 clustered histone 8,,,,ENSMMUG00000054702,F7BRX2|A0A8J8Y153,HGNC:4772,NP_001180643.1,NP_001180643.1,MARTKQTARKSTGGKAPRKQLATKAARKSAPATGGVKKPHRYRPGTVALREIRRYQKSTELLIRKLPFQRLVREIAQDFKTDLRFQSSAVMALQEACEAYLVGLFEDTNLCAIHAKRVTIMPKDIQLARRIRGERA,136,Macaque,9544
H3,H3.Y.1,,VGNC:109743,H3Y1,H3.Y histone 1,,,718280.0,ENSMMUG00000060891,,HGNC:43735,XP_001110711.1,XP_001110711.1,MARTKQTARKATNWQAPRKPLATKAPGKRLPPRGGIKKPHRYRPGTQALREIRKYQKSTQLLLRKLPFQRLVREIAQAISPDLRFQSAAIGALQEASEAYLVNLFEDTNLCAIHARRVTIMPRDMQLARRIRGEGA,136,Macaque,9544
H4,clustered H4,isoform_1,VGNC:109753,H4C1,H4 clustered histone 1,,,114677669.0,ENSMMUG00000051508,,HGNC:4781,XP_028703614.1,XP_028703614.1,MSGRGKGGKGLGKGGAKRHRKVLRDNIQGITKPAIRRLARRGGVKRISGLIYEETRGVLKVFLENVIRDAVTYTEHAKRKTVTAMDVVYALKRQGRTLYGFGG,103,Macaque,9544
H4,clustered H4,isoform_1,VGNC:109759,H4C11,H4 clustered histone 11,,,704341.0,ENSMMUG00000055773,,HGNC:4785,XP_001095996.1,XP_001095996.1,MSGRGKGGKGLGKGGAKRHRKVLRDNIQGITKPAIRRLARRGGVKRISGLIYEETRGVLKVFLENVIRDAVTYTEHAKRKTVTAMDVVYALKRQGRTLYGFGG,103,Macaque,9544
H4,clustered H4,isoform_1,VGNC:109762,H4C12,H4 clustered histone 12,,,,ENSMMUG00000063127,A0A8J8XEY8|F7HAP8,HGNC:4784,XP_014991217.1,XP_014991217.1,MSGRGKGGKGLGKGGAKRHRKVLRDNIQGITKPAIRRLARRGGVKRISGLIYEETRGVLKVFLENVIRDAVTYTEHAKRKTVTAMDVVYALKRQGRTLYGFGG,103,Macaque,9544
H4,clustered H4,isoform_1,VGNC:109761,H4C13,H4 clustered histone 13,,,,ENSMMUG00000050895,A0A8J8XEY8|F7HAP8,HGNC:4791,XP_014991217.1,XP_014991217.1,MSGRGKGGKGLGKGGAKRHRKVLRDNIQGITKPAIRRLARRGGVKRISGLIYEETRGVLKVFLENVIRDAVTYTEHAKRKTVTAMDVVYALKRQGRTLYGFGG,103,Macaque,9544
H4,clustered H4,isoform_1,VGNC:109763,H4C14,H4 clustered histone 14,,,107000818.0,ENSMMUG00000052382,,HGNC:4794,XP_015006906.1,XP_015006906.1,MSGRGKGGKGLGKGGAKRHRKVLRDNIQGITKPAIRRLARRGGVKRISGLIYEETRGVLKVFLENVIRDAVTYTEHAKRKTVTAMDVVYALKRQGRTLYGFGG,103,Macaque,9544
H4,clustered H4,isoform_1,VGNC:109765,H4C15,H4 clustered histone 15,,,106996511.0,,,HGNC:29607,XP_014985056.1,XP_014985056.1,MSGRGKGGKGLGKGGAKRHRKVLRDNIQGITKPAIRRLARRGGVKRISGLIYEETRGVLKVFLENVIRDAVTYTEHAKRKTVTAMDVVYALKRQGRTLYGFGG,103,Macaque,9544
H4,clustered H4,isoform_1,VGNC:109764,H4C16,H4 histone 16,,,699317.0,ENSMMUG00000032119,,HGNC:20510,XP_015006678.1,XP_015006678.1,MSGRGKGGKGLGKGGAKRHRKVLRDNIQGITKPAIRRLARRGGVKRISGLIYEETRGVLKVFLENVIRDAVTYTEHAKRKTVTAMDVVYALKRQGRTLYGFGG,103,Macaque,9544
H4,clustered H4,isoform_1,VGNC:109752,H4C2,H4 clustered histone 2,,,695323.0,ENSMMUG00000054127,,HGNC:4789,XP_014991215.1,XP_014991215.1,MSGRGKGGKGLGKGGAKRHRKVLRDNIQGITKPAIRRLARRGGVKRISGLIYEETRGVLKVFLENVIRDAVTYTEHAKRKTVTAMDVVYALKRQGRTLYGFGG,103,Macaque,9544
H4,clustered H4,isoform_1,VGNC:109754,H4C3,H4 clustered histone 3,,,,ENSMMUG00000065238,A0A8J8XEY8|F7HAP8,HGNC:4787,XP_014991217.1,XP_014991217.1,MSGRGKGGKGLGKGGAKRHRKVLRDNIQGITKPAIRRLARRGGVKRISGLIYEETRGVLKVFLENVIRDAVTYTEHAKRKTVTAMDVVYALKRQGRTLYGFGG,103,Macaque,9544
H4,clustered H4,isoform_1,VGNC:109757,H4C4,H4 clustered histone 4,,,697115.0,ENSMMUG00000056028,,HGNC:4782,XP_001086761.1,XP_001086761.1,MSGRGKGGKGLGKGGAKRHRKVLRDNIQGITKPAIRRLARRGGVKRISGLIYEETRGVLKVFLENVIRDAVTYTEHAKRKTVTAMDVVYALKRQGRTLYGFGG,103,Macaque,9544
H4,clustered H4,isoform_1,VGNC:109755,H4C5,H4 clustered histone 5,,,697721.0,ENSMMUG00000060950,,HGNC:4790,XP_028703613.1,XP_028703613.1,MSGRGKGGKGLGKGGAKRHRKVLRDNIQGITKPAIRRLARRGGVKRISGLIYEETRGVLKVFLENVIRDAVTYTEHAKRKTVTAMDVVYALKRQGRTLYGFGG,103,Macaque,9544
H4,clustered H4,isoform_1,VGNC:109756,H4C6,H4 clustered histone 6,,,698354.0,ENSMMUG00000060751,,HGNC:4783,XP_014991219.1,XP_014991219.1,MSGRGKGGKGLGKGGAKRHRKVLRDNIQGITKPAIRRLARRGGVKRISGLIYEETRGVLKVFLENVIRDAVTYTEHAKRKTVTAMDVVYALKRQGRTLYGFGG,103,Macaque,9544
H4,clustered H4,isoform_1,VGNC:109758,H4C8,H4 clustered histone 8,,,699110.0,ENSMMUG00000059737,,HGNC:4788,XP_028703610.1,XP_028703610.1,MSGRGKGGKGLGKGGAKRHRKVLRDNIQGITKPAIRRLARRGGVKRISGLIYEETRGVLKVFLENVIRDAVTYTEHAKRKTVTAMDVVYALKRQGRTLYGFGG,103,Macaque,9544
H4,clustered H4,isoform_1,VGNC:109758,H4C8,H4 clustered histone 8,,,699110.0,ENSMMUG00000059737,,HGNC:4788,XP_001088506.1,XP_001088506.1,MSGRGKGGKGLGKGGAKRHRKVLRDNIQGITKPAIRRLARRGGVKRISGLIYEETRGVLKVFLENVIRDAVTYTEHAKRKTVTAMDVVYALKRQGRTLYGFGG,103,Macaque,9544
H4,clustered H4,isoform_1,VGNC:109760,H4C9,H4 clustered histone 9,,,106997862.0,ENSMMUG00000057258,,HGNC:4793,XP_014991254.1,XP_014991254.1,MSGRGKGGKGLGKGGAKRHRKVLRDNIQGITKPAIRRLARRGGVKRISGLIYEETRGVLKVFLENVIRDAVTYTEHAKRKTVTAMDVVYALKRQGRTLYGFGG,103,Macaque,9544
H2A,macroH2A.1,,VGNC:109697,MACROH2A1,macroH2A.1 histone,,,711836.0,ENSMMUG00000014465,,HGNC:4740,NP_001248669.1,NP_001248669.1,MSSRGGKKKSTKTSRSAKAGVIFPVGRMLRYIKKGHPKYRIGVGAPVYMAAVLEYLTAEILELAGNAARDNKKGRVTPRHILLAVANDEELNQLLKGVTIASGGVLPNIHPELLAKKRGSKGKLEAIITPPPAKKAKSPSQKKPVSKKAGGKKGARKSKKQGEVSKAASADSTTEGTPADGFTVLSTKSLFLGQKLNLIHSEISNLAGFEVEAIINPTNADIDLKDDLGNTLEKKGGKEFVEAVLELRKKNGPLEVAGAAVSAGHGLPAKFVIHCNSPVWGADKCEELLEKTVKNCLALADDKKLKSIAFPSIGSGRNGFPKQTAAQLILKAISSYFVSTMSSSIKTVYFVLFDSESIGIYVQEMAKLDAN,371,Macaque,9544
H2A,macroH2A.1,,VGNC:109697,MACROH2A1,macroH2A.1 histone,,,711836.0,ENSMMUG00000014465,,HGNC:4740,NP_001248669.1,NP_001248669.1,MSSRGGKKKSTKTSRSAKAGVIFPVGRMLRYIKKGHPKYRIGVGAPVYMAAVLEYLTAEILELAGNAARDNKKGRVTPRHILLAVANDEELNQLLKGVTIASGGVLPNIHPELLAKKRGSKGKLEAIITPPPAKKAKSPSQKKPVSKKAGGKKGARKSKKQGEVSKAASADSTTEGTPADGFTVLSTKSLFLGQKLNLIHSEISNLAGFEVEAIINPTNADIDLKDDLGNTLEKKGGKEFVEAVLELRKKNGPLEVAGAAVSAGHGLPAKFVIHCNSPVWGADKCEELLEKTVKNCLALADDKKLKSIAFPSIGSGRNGFPKQTAAQLILKAISSYFVSTMSSSIKTVYFVLFDSESIGIYVQEMAKLDAN,371,Macaque,9544
H2A,macroH2A.1,,VGNC:109697,MACROH2A1,macroH2A.1 histone,,,711836.0,ENSMMUG00000014465,,HGNC:4740,NP_001248669.1,NP_001248669.1,MSSRGGKKKSTKTSRSAKAGVIFPVGRMLRYIKKGHPKYRIGVGAPVYMAAVLEYLTAEILELAGNAARDNKKGRVTPRHILLAVANDEELNQLLKGVTIASGGVLPNIHPELLAKKRGSKGKLEAIITPPPAKKAKSPSQKKPVSKKAGGKKGARKSKKQGEVSKAASADSTTEGTPADGFTVLSTKSLFLGQKLNLIHSEISNLAGFEVEAIINPTNADIDLKDDLGNTLEKKGGKEFVEAVLELRKKNGPLEVAGAAVSAGHGLPAKFVIHCNSPVWGADKCEELLEKTVKNCLALADDKKLKSIAFPSIGSGRNGFPKQTAAQLILKAISSYFVSTMSSSIKTVYFVLFDSESIGIYVQEMAKLDAN,371,Macaque,9544
H2A,macroH2A.1,,VGNC:109697,MACROH2A1,macroH2A.1 histone,,,711836.0,ENSMMUG00000014465,,HGNC:4740,XP_014996354.1,XP_014996354.1,MSSRGGKKKSTKTSRSAKAGVIFPVGRMLRYIKKGHPKYRIGVGAPVYMAAVLEYLTAEILELAGNAARDNKKGRVTPRHILLAVANDEELNQLLKGVTIASGGVLPNIHPELLAKKRGSKGKLEAIITPPPAKKAKSPSQKKPVSKKAGGKKGARKSKKQGEVSKAASADSTTEGTPADGFTVLSTKSLFLGQKLQVVQADIASIDSDAVVHPTNTDFYIGGEVGNTLEKKGGKEFVEAVLELRKKNGPLEVAGAAVSAGHGLPAKFVIHCNSPVWGADKCEELLEKTVKNCLALADDKKLKSIAFPSIGSGRNGFPKQTAAQLILKAISSYFVSTMSSSIKTVYFVLFDSESIGIYVQEMAKLDAN,368,Macaque,9544
H2A,macroH2A.1,,VGNC:109697,MACROH2A1,macroH2A.1 histone,,,711836.0,ENSMMUG00000014465,,HGNC:4740,XP_014996354.1,XP_014996354.1,MSSRGGKKKSTKTSRSAKAGVIFPVGRMLRYIKKGHPKYRIGVGAPVYMAAVLEYLTAEILELAGNAARDNKKGRVTPRHILLAVANDEELNQLLKGVTIASGGVLPNIHPELLAKKRGSKGKLEAIITPPPAKKAKSPSQKKPVSKKAGGKKGARKSKKQGEVSKAASADSTTEGTPADGFTVLSTKSLFLGQKLQVVQADIASIDSDAVVHPTNTDFYIGGEVGNTLEKKGGKEFVEAVLELRKKNGPLEVAGAAVSAGHGLPAKFVIHCNSPVWGADKCEELLEKTVKNCLALADDKKLKSIAFPSIGSGRNGFPKQTAAQLILKAISSYFVSTMSSSIKTVYFVLFDSESIGIYVQEMAKLDAN,368,Macaque,9544
H2A,macroH2A.1,,VGNC:109697,MACROH2A1,macroH2A.1 histone,,,711836.0,ENSMMUG00000014465,,HGNC:4740,XP_014996354.1,XP_014996354.1,MSSRGGKKKSTKTSRSAKAGVIFPVGRMLRYIKKGHPKYRIGVGAPVYMAAVLEYLTAEILELAGNAARDNKKGRVTPRHILLAVANDEELNQLLKGVTIASGGVLPNIHPELLAKKRGSKGKLEAIITPPPAKKAKSPSQKKPVSKKAGGKKGARKSKKQGEVSKAASADSTTEGTPADGFTVLSTKSLFLGQKLQVVQADIASIDSDAVVHPTNTDFYIGGEVGNTLEKKGGKEFVEAVLELRKKNGPLEVAGAAVSAGHGLPAKFVIHCNSPVWGADKCEELLEKTVKNCLALADDKKLKSIAFPSIGSGRNGFPKQTAAQLILKAISSYFVSTMSSSIKTVYFVLFDSESIGIYVQEMAKLDAN,368,Macaque,9544
H2A,macroH2A.1,,VGNC:109697,MACROH2A1,macroH2A.1 histone,,,711836.0,ENSMMUG00000014465,,HGNC:4740,XP_014996353.1,XP_014996353.1,MSSRGGKKKSTKTSRSAKAGVIFPVGRMLRYIKKGHPKYRIGVGAPVYMAAVLEYLTAEILELAGNAARDNKKGRVTPRHILLAVANDEELNQLLKGVTIASGGVLPNIHPELLAKKRGSKGKLEAIITPPPAKKAKSPSQKKPVSKKAGGKKGARKSKKKQGEVSKAASADSTTEGTPADGFTVLSTKSLFLGQKLQVVQADIASIDSDAVVHPTNTDFYIGGEVGNTLEKKGGKEFVEAVLELRKKNGPLEVAGAAVSAGHGLPAKFVIHCNSPVWGADKCEELLEKTVKNCLALADDKKLKSIAFPSIGSGRNGFPKQTAAQLILKAISSYFVSTMSSSIKTVYFVLFDSESIGIYVQEMAKLDAN,369,Macaque,9544
H2A,macroH2A.1,,VGNC:109697,MACROH2A1,macroH2A.1 histone,,,711836.0,ENSMMUG00000014465,,HGNC:4740,XP_014996353.1,XP_014996353.1,MSSRGGKKKSTKTSRSAKAGVIFPVGRMLRYIKKGHPKYRIGVGAPVYMAAVLEYLTAEILELAGNAARDNKKGRVTPRHILLAVANDEELNQLLKGVTIASGGVLPNIHPELLAKKRGSKGKLEAIITPPPAKKAKSPSQKKPVSKKAGGKKGARKSKKKQGEVSKAASADSTTEGTPADGFTVLSTKSLFLGQKLQVVQADIASIDSDAVVHPTNTDFYIGGEVGNTLEKKGGKEFVEAVLELRKKNGPLEVAGAAVSAGHGLPAKFVIHCNSPVWGADKCEELLEKTVKNCLALADDKKLKSIAFPSIGSGRNGFPKQTAAQLILKAISSYFVSTMSSSIKTVYFVLFDSESIGIYVQEMAKLDAN,369,Macaque,9544
H2A,macroH2A.1,,VGNC:109697,MACROH2A1,macroH2A.1 histone,,,711836.0,ENSMMUG00000014465,,HGNC:4740,XP_014996353.1,XP_014996353.1,MSSRGGKKKSTKTSRSAKAGVIFPVGRMLRYIKKGHPKYRIGVGAPVYMAAVLEYLTAEILELAGNAARDNKKGRVTPRHILLAVANDEELNQLLKGVTIASGGVLPNIHPELLAKKRGSKGKLEAIITPPPAKKAKSPSQKKPVSKKAGGKKGARKSKKKQGEVSKAASADSTTEGTPADGFTVLSTKSLFLGQKLQVVQADIASIDSDAVVHPTNTDFYIGGEVGNTLEKKGGKEFVEAVLELRKKNGPLEVAGAAVSAGHGLPAKFVIHCNSPVWGADKCEELLEKTVKNCLALADDKKLKSIAFPSIGSGRNGFPKQTAAQLILKAISSYFVSTMSSSIKTVYFVLFDSESIGIYVQEMAKLDAN,369,Macaque,9544
H2A,macroH2A.1,,VGNC:109697,MACROH2A1,macroH2A.1 histone,,,711836.0,ENSMMUG00000014465,,HGNC:4740,XP_014996351.1,XP_014996351.1,MSSRGGKKKSTKTSRSAKAGVIFPVGRMLRYIKKGHPKYRIGVGAPVYMAAVLEYLTAEILELAGNAARDNKKGRVTPRHILLAVANDEELNQLLKGVTIASGGVLPNIHPELLAKKRGSKGKLEAIITPPPAKKAKSPSQKKPVSKKAGGKKGARKSKKKQGEVSKAASADSTTEGTPADGFTVLSTKSLFLGQKLNLIHSEISNLAGFEVEAIINPTNADIDLKDDLGNTLEKKGGKEFVEAVLELRKKNGPLEVAGAAVSAGHGLPAKFVIHCNSPVWGADKCEELLEKTVKNCLALADDKKLKSIAFPSIGSGRNGFPKQTAAQLILKAISSYFVSTMSSSIKTVYFVLFDSESIGIYVQEMAKLDAN,372,Macaque,9544
H2A,macroH2A.1,,VGNC:109697,MACROH2A1,macroH2A.1 histone,,,711836.0,ENSMMUG00000014465,,HGNC:4740,XP_014996351.1,XP_014996351.1,MSSRGGKKKSTKTSRSAKAGVIFPVGRMLRYIKKGHPKYRIGVGAPVYMAAVLEYLTAEILELAGNAARDNKKGRVTPRHILLAVANDEELNQLLKGVTIASGGVLPNIHPELLAKKRGSKGKLEAIITPPPAKKAKSPSQKKPVSKKAGGKKGARKSKKKQGEVSKAASADSTTEGTPADGFTVLSTKSLFLGQKLNLIHSEISNLAGFEVEAIINPTNADIDLKDDLGNTLEKKGGKEFVEAVLELRKKNGPLEVAGAAVSAGHGLPAKFVIHCNSPVWGADKCEELLEKTVKNCLALADDKKLKSIAFPSIGSGRNGFPKQTAAQLILKAISSYFVSTMSSSIKTVYFVLFDSESIGIYVQEMAKLDAN,372,Macaque,9544
H2A,macroH2A.1,,VGNC:109697,MACROH2A1,macroH2A.1 histone,,,711836.0,ENSMMUG00000014465,,HGNC:4740,XP_014996351.1,XP_014996351.1,MSSRGGKKKSTKTSRSAKAGVIFPVGRMLRYIKKGHPKYRIGVGAPVYMAAVLEYLTAEILELAGNAARDNKKGRVTPRHILLAVANDEELNQLLKGVTIASGGVLPNIHPELLAKKRGSKGKLEAIITPPPAKKAKSPSQKKPVSKKAGGKKGARKSKKKQGEVSKAASADSTTEGTPADGFTVLSTKSLFLGQKLNLIHSEISNLAGFEVEAIINPTNADIDLKDDLGNTLEKKGGKEFVEAVLELRKKNGPLEVAGAAVSAGHGLPAKFVIHCNSPVWGADKCEELLEKTVKNCLALADDKKLKSIAFPSIGSGRNGFPKQTAAQLILKAISSYFVSTMSSSIKTVYFVLFDSESIGIYVQEMAKLDAN,372,Macaque,9544
H2A,macroH2A.2,,VGNC:109695,MACROH2A2,macroH2A.2 histone,,,711117.0,ENSMMUG00000006395,,HGNC:14453,NP_001253343.1,NP_001253343.1,MSGRSGKKKMSKLSRSARAGVIFPVGRLMRYLKKGTFKYRISVGAPVYMAAVIEYLAAEILELAGNAARDNKKARIAPRHILLAVANDEELNQLLKGVTIASGGVLPRIHPELLAKKRGTKGKSETILSPPPEKRGRKATSGKKGGKKSKAAKPRTSKKSKPKDSDKEGTSNSTSEDGPGDGFTILSSKSLVLGQKLSLTQSDISHIGSMRVEGIVHPTTAEIDLKEDIGKALEKAGGKEFLETVKELRKSQGPLEVAEAAVSQSSGLAAKFVIHCHIPQWGSDKCEEQLEETIKNCLSAAEDKKLKSVAFPPFPSGRNCFPKQTAAQVTLKAISAHFDDSSASSLKNVYFLLFDSESIGIYVQEMAKLDTK,372,Macaque,9544
